row_idx,node_id,seminar_number,seminar_name,seminar_keywords,seminar_classification
0,9033,9033,Tree Adjoining Grammars,,
1,9041,9041,Algorithmic Geometry,,
2,9110,9110,Parallel and Distributed Algorithms,,
3,9111,9111,"Concurrent Systems: Semantics, Specification, and Synthesis",,
4,9112,9112,Integration of Functional and Logic Programming,,
5,9116,9116,Algorithms and Complexity of Continuous Problems,,
6,9119,9119,Terminological Logics,,
7,9121,9121,"Code Generation – Concepts, Tools, Techniques",,
8,9124,9124,Randomized Algorithms,,
9,9126,9126,Semantics of Programming Languages and Model Theory,,
10,9127,9127,Geometric Modelling,,
11,9135,9135,Scientific Visualization,,
12,9137,9137,Directions of Future Database Research,,
13,9141,9141,Computational Geometry,,
14,9142,9142,Trends and Applications in Formal Language Theory,,
15,9143,9143,Theorem Proving and Logic Programming with Constraints,,
16,9145,9145,Data Structures,,
17,9149,9149,Efficient Interpolation Algorithms,,
18,9151,9151,Algorithms of Computeralgebra,,
19,9202,9202,Automata Theory: Infinite Computations,,
20,9203,9203,Software Construction – Foundation and Application,,
21,9207,9207,Limits of Modelling with Programmed Machines,,
22,9210,9210,Parallel and Distributed Algorithms,,
23,9215,9215,Distributed Cooperation in Integrated Information Systems,,
24,9229,9229,Computer Science Logic,,
25,9232,9232,"Symbolic, algebraic and validated numerical Computation",,
26,9233,9233,3rd International Workshop on User Modeling,,
27,9235,9235,Complexity and Realization of Boolean Functions,,
28,9237,9237,Molecular Bioinformatics,,
29,9238,9238,Experimental Software Engineering Issues,,
30,9242,9242,Algorithms and Complexity for Continuous Problems,,
31,9245,9245,Multimedia – System Architectures and Applications,,
32,9249,9249,Self-Timed Design,,
33,9301,9301,Graph-Transformations in Computer Science,,
34,9302,9302,Automata Theory: Distributed Models,,
35,9307,9307,Computer Aided Design and Test,,
36,9308,9308,Semantic Formalisms in Natural Language Processing,,
37,9312,9312,Computational Geometry,,
38,9317,9317,Formal Aspects of Object Base Dynamics,,
39,9321,9321,Specification and Semantics,,
40,9323,9323,Semantics of Programming Languages and Algebra,,
41,9328,9328,"""Average-Case""-Analysis of Algorithms",,
42,9329,9329,Interactions between Category Theory and Computer Science,,
43,9334,9334,Automated Practical Reasoning and Argumentation,,
44,9337,9337,Parallel and Distributed Algorithms,,
45,9339,9339,Cryptography,,
46,9406,9406,Algorithms in Automata Theory,,
47,9407,9407,Structure and Complexity,,
48,9409,9409,Data Structures,,
49,9411,9411,Theoretical Foundations of Computer Vision,,
50,9415,9415,"Expander Graphs, Random Graphs and Their Application in Computer Science",,
51,9418,9418,Incremental Computation and Dynamic Algorithms,,
52,9421,9421,Scientific Visualization,,
53,9426,9426,Theory and Praxis of Machine Learning,,
54,9427,9427,Fundamentals and Perspectives of Multimedia Systems,,
55,9438,9438,Interdisciplinary Foundations of Systems Design and Evaluation,,
56,9441,9441,Algorithms and Number Theory,,
57,9442,9442,Algorithms and Complexity for Continuous Problems,,
58,9443,9443,Environment Modelling and Motion Planning for Autonomous Robots,,
59,9445,9445,Neural Computing,,
60,9511,9511,Computational Geometry,,
61,9520,9520,Scheduling in Computer & Manufacturing Systems,,
62,9521,9521,Performance and Dependability Modeling with Stochastic Petri Nets,,
63,9522,9522,Computing with Faulty Inputs,,
64,9523,9523,Methods for Semantics and Specification,,
65,9525,9525,Architecture and Protocols for High Performance Networks,,
66,9528,9528,Molecular Bioinformatics,,
67,9535,9535,Abstract Interpretation,,
68,9537,9537,Parallel and Distributed Algorithms,,
69,9538,9538,New Trends In the Integration of Paradigms,,
70,9539,9539,Applied Stochastic Modelling in Telecommunication and Manufacturing Systems,,
71,9540,9540,Modelling and Simulation of Complex Environmental Problems,,
72,9543,9543,Modelling and Simulation of Gene and Cell Regulation,,
73,9546,9546,"Quantitative Aspects of Designing and Validating Dependable Computing Systems -- Calculations, Measurements, and Simulations",,
74,9606,9606,Computeralgebra – Software,,
75,9610,9610,New Trends in Database Languages,,
76,9612,9612,Theoretical Foundations of Computer Vision,,
77,9622,9622,Geometric Modelling,,
78,9624,9624,Rendering,,
79,9626,9626,On-line Algorithms,,
80,9627,9627,Disjunctive Logic Programming and Databases: Nonmonotonic Aspects,,
81,9635,9635,The History of Software Engineering,,
82,9636,9636,Modelling and Planning for Sensor Based Intelligent Robot Systems,,
83,9637,9637,Graph Transformations in Computer Science,,
84,9638,9638,Expressiveness in Concurrency,,
85,9639,9639,Logic Databases and the Meaning of Change,,
86,9640,9640,Structure and Complexity,,
87,9643,9643,Algorithms and Complexity for Continuous Problems,,
88,9650,9650,Synchronous Languages,,
89,9702,9702,Theory and Practice of Machine Learning,,
90,97042,97042,Discrete Tomography: Algorithms and Complexity,,
91,9706,9706,Standards for Dialogue Coding in Natural Language Processing,,
92,9709,9709,Deduction,,
93,9710,9710,Logic for System Engineering,,
94,9711,9711,Complexity of Boolean Functions,,
95,9712,9712,Software Engineering and Database Technology,,
96,9715,9715,Object-Oriented Software Development,,
97,9717,9717,Computability and Complexity in Analysis,,
98,9723,9723,Scheduling in Computer and Manufacturing Systems,,
99,9724,9724,Scientific Visualization,,
100,9725,9725,High-Performance Networks for Multimedia Applications,,
101,9729,9729,Parallel Scheduling,,
102,9734,9734,Combinatorial Approximation Algorithms,,
103,9739,9739,Cryptography,,
104,9742,9742,Mobile Software-Agents,,
105,9743,9743,"Applications of Tree Automata in Rewriting, Logic and Programming",,
106,98061,98061,Scenario-Management,,
107,98241,98241,Real Computation and Complexity,,
108,98251,98251,Modelling and Simulation of Gene and Cell Regulation and Metabolic Pathways,,
109,98281,98281,Semi-Formal and Formal Specification Techniques for Software Systems,,
110,98331,98331,Self-Stabilization,,
111,98341,98341,Tiling for Optimal Resource Utilization,,
112,98361,98361,Test Automation for Reactive Systems – Theorie and Practice,,
113,98431,98431,Algorithms and Number Theory,,
114,98451,98451,"Advanced Course on the ""Principles of Program Analysis""",,
115,98471,98471,Integrating Spatial and Temporal Databases,,
116,99041,99041,Computer Aided Design and Test Decision Diagrams – Concepts and Applications,,
117,99111,99111,Systems Integration,,
118,99361,99361,"Social Thinking – Software Practice. Approaches Relating Software Development, Work, and Organisational Change",,
119,99451,99451,Rigorous Analysis and Design for Software Intensive Systems,,
120,99491,99491,Content-Based Image and Video Retrieval,,
121,00121,00121,Semantics for the Web,,
122,00241,00241,Multimedia for Multimedia: Learning and Teaching at the University in the Next Decade,,
123,00251,00251,Image Synthesis and Interactive 3D Graphics,,
124,00352,00352,"""Informatics – 10 Years Back, 10 Years Ahead"" Conference for Dagstuhl's 10th Anniversary",,
125,00371,00371,Experimental Algorithmics,,
126,00451,00451,Effective Implementation of Object-Oriented Programming Languages,,
127,00491,00491,Bioinformatics,,
128,01361,01361,Foundations of Semistructured Data,,
129,01391,01391,Specification and Analysis of Secure Cryptographic Protocols,,
130,01491,01491,Synchronous Languages,,
131,02041,02041,The Logic of Rational Agency,,
132,02061,02061,Rule Markup Techniques for the Semantic Web,,
133,02121,02121,Complexity of Boolean Functions,,
134,02201,02201,Geometric Modelling,,
135,02231,02231,Scheduling in Computer and Manufacturing Systems,,
136,02241,02241,Electronic Market Design,,
137,02261,02261,The Travelling Salesman Problem,,
138,02351,02351,Grand Challenges for Modelling and Simulation,,
139,02361,02361,Supporting Customer-Supplier Relationships: Requirements Engineering and Quality Assurance,,
140,02381,02381,"Nonmonotonic Reasoning, Answer Set Programming and Constraints",,
141,02401,02401,Algorithms and Complexity for Continuous Problems,,
142,02421,02421,Algebraic Methods in Quantum and Classical Models of Computation,,
143,02451,02451,Dependability of Component Based Systems,,
144,02471,02471,Computational Biology,,
145,02481,02481,Programming Multi Agent Systems based on Logic,,
146,03021,03021,Verification and Constructive Algebra,,
147,03041,03041,Numerical Software with Result Verification,,
148,03051,03051,Information and Process Integration: A Life Science Perspective,,
149,03071,03071,Emerging Technologies: Can Optimization Technology meet their Demands?,,
150,03081,03081,"Objects, Agents and Features",,
151,03091,03091,Program Analysis for Object-Oriented Evolution,Refactoring; program analysis; object­oriented programming; software evolution,
152,03101,03101,Reasoning about Shape,Shape analysis; program analysis; spatial logic; separation logic; heap storage; model checking,
153,03111,03111,Challenges in High Performance Simulations for Science and Engineering,,
154,03112,03112,Multimedia Retrieval,Multimedia retrieval; shape analysis; feature extraction; metric design; invariants; segmentation; mesh generation; knowledge representation; wavelets; geometric matching,
155,03121,03121,Computational Geometry,,
156,03131,03131,Domain-Specific Program Generation,,
157,03141,03141,The Propositional Satisfiability Problem -- Algorithms and Lower Bounds,,
158,03151,03151,Product Family Development,product family engineering; organizational issues; maturity; adoption; production; variability,
159,03191,03191,Conceptual and Technical Aspects of Electronic Learning,,
160,03211,03211,Adaptivity in Parallel Scientific Computing,distributed computing; BSP; scientific algorithms; task pools; cluster; grid computing,
161,03231,03231,Scientific Visualization: Extracting Information and Knowledge from Scientific Data Sets,,
162,03261,03261,Plan-Based Control of Robotic Agents,,
163,03271,03271,Hierarchical Methods in Computer Graphics,,
164,03291,03291,Algorithmic Game Theory and the Internet,Algorithmic Game Theory; Internet; Approximation Algorithms; Inherent Complexity; Resource Allocation; Stability; Nash Equilibria; Mechanism Design; Combinatorial Auctions; Cost Allocations; Cryptography; Congestion Fairness; Stability; Routing; Load Balancing; Network Design,
165,03301,03301,Dynamically Reconfigurable Architectures,,
166,03311,03311,Fixed Parameter Algorithms,,
167,03321,03321,Internet Economics,Internet Services; Pricing; Incentives; Wireless LAN; Accounting; Peer-to-Peer; ISP; Legal Issues; Auditing; Network and Traffic Management.,
168,03361,03361,Algorithmic Aspects of Large and Complex Networks,,
169,03362,03362,Data Quality on the Web,,
170,03371,03371,"Scenarios: Models, Transformations and Tools",,
171,03381,03381,New Optimization Algorithms in Physics,,
172,03391,03391,Graph Colorings,,
173,03411,03411,Language-Based Security,Access control; information flow; noninterference; downgrading; protocol analysis; protocol verification; virtual machines; end-to-end security; memory safety; compositionality; semantic models,
174,03421,03421,Theoretical and Computational Aspects of Matrix Algorithms,,
175,03451,03451,Applied Deductive Verification,,
176,03461,03461,Software Intensive Embedded Systems – with Special Emphasis on Automotive,Embedded systems; automotive; HW/SW-Co design; software engineering,
177,03491,03491,Understanding Program Dynamics,,
178,03501,03501,Robot Navigation,,
179,04061,04061,Real Computation and Complexity,,
180,04081,04081,Theory of Evolutionary Algorithms,,
181,04091,04091,Data Structures,,
182,04101,04101,Language Engineering for Model-Driven Software Development,,
183,04121,04121,Evaluating Embodied Conversational Agents,,
184,04141,04141,Complexity of Boolean Functions,,
185,04171,04171,Logic Based Information Agents,,
186,04181,04181,Atomicity in System Design and Execution,,
187,04201,04201,Content Distribution Infrastructures,,
188,04211,04211,Algorithms and Number Theory,,
189,04221,04221,Robust and Approximative Algorithms on Particular Graph Classes,,
190,04231,04231,Scheduling in Computer and Manufacturing Systems,,
191,04241,04241,Graph Transformations and Process Algebras for Modeling Distributed and Mobile Systems,,
192,04251,04251,Imaging Beyond the Pin-hole Camera. 12th Seminar on Theoretical Foundations of Computer Vision,,
193,04271,04271,"Preferences: Specification, Inference, Applications",,
194,04292,04292,Perspectives Workshop: Data Mining: The Next Generation,,
195,04371,04371,Perspectives of Model-Based Testing,,
196,04381,04381,Dependently Typed Programming,Type Theory; Programming,
197,04391,04391,Semantic Interoperability and Integration,,
198,04401,04401,Algorithms and Complexity for Continuous Problems,,
199,04411,04411,Service Management and Self-Organization in IP-based Networks,,
200,04421,04421,Algebraic Methods in Computational Complexity,,
201,04441,04441,Mobile Information Management,,
202,04451,04451,Future Generation Grids – FGG 2004,,
203,04461,04461,Practical Approaches to Multi-Objective Optimization,,
204,04491,04491,Synchronous Programming – SYNCHRON'04,,
205,05011,05011,Computing and Markets,,
206,05021,05021,"Mathematics, Algorithms, Proofs",,
207,05031,05031,Algorithms for Optimization with Incomplete Information,,
208,05051,05051,"Probabilistic, Logical and Relational Learning – Towards a Synthesis",,
209,05061,05061,Foundations of Semistructured Data,,
210,05091,05091,Multimedia Research – where do we need to go tomorrow,,
211,05101,05101,"Scheduling for Parallel Architectures: Theory, Applications, Challenges",,
212,05141,05141,Power-aware Computing Systems,,
213,05142,05142,Disruption Tolerant Networking,,
214,05151,05151,"Annotating, Extracting and Reasoning about Time and Events",,
215,05161,05161,Transformation Techniques in Software Engineering,,
216,05171,05171,"Nonmonotonic Reasoning, Answer Set Programming and Constraints",,
217,05181,05181,Mobile Computing and Ambient Intelligence: The Challenge of Multimedia,Mobile computing; ambient intelligence; multimedia,
218,05191,05191,Graph Drawing,,
219,05201,05201,Design and Analysis of Randomized and Approximation Algorithms,,
220,05221,05221,Geometric Modeling,,
221,05261,05261,Multi-Version Program Analysis,,
222,05271,05271,Semantic Grid: The Convergence of Technologies,,
223,05281,05281,Simulation & Scheduling: Companions or Competitors for Improving the Performance of Manufacturing Systems,,
224,05291,05291,Sublinear Algorithms,,
225,05301,05301,Exact Algorithms and Fixed-Parameter Tractability,,
226,05321,05321,"Belief Change in Rational Agents: Perspectives from Artificial Intelligence, Philosophy, and Economics",,
227,05361,05361,Algorithmic Aspects of Large and Complex Networks,,
228,05371,05371,Principles and Practices of Semantic Web Reasoning,,
229,05381,05381,Form and Content in Sensor Networks,,
230,05382,05382,Efficient Text Entry,,
231,05402,05402,Challenges for Software Engineering Research,,
232,05421,05421,"Data Always and Everywhere – Management of Mobile, Ubiquitous, Pervasive, and Sensor Data",Mobile Data Management; Ubiquitous Computing; Pervasive Computing; Streaming Data; Middleware; Data Integration; Data Placement; Ad-hoc Networking; Micro DBMSs; Context-Aware Applications,Data Bases; Networks; Optimization; Interdisciplinary
233,05431,05431,Deduction and Applications,,
234,05441,05441,Managing and Mining Genome Information: Frontiers in Bioinformatics,,
235,05451,05451,Beyond Program Slicing,,
236,05462,05462,Service Oriented Computing (SOC),Web service engineering; cross-enterprise computing; service description; service publication; matching + composition; service life-cycle,Software-Engeneering; multimedia; web
237,05471,05471,Computational Proteomics,,
238,05491,05491,Spatial Cognition: Specialization and Integration,,
239,05501,05501,Automatic Performance Analysis,,
240,06021,06021,Reliable Implementation of Real Number Algorithms: Theory and Practice,Real number computability; real number algorithms; reliable computing; algorithms with result verification; interval arithmetic; Taylor arithmetic; geometric computing; robustness,interdisciplinary; data structures / algorithms / complexity; modelling simulation; reliable numerical computation; geometric modelling; computability
241,06031,06031,Organic Computing – Controlled Emergence,organic computing; autonomous units; emergence; adaptive systems,artificial intelligence / robotics; modelling / simulation; networks; hardware; interdisciplinary (e.g. bioinformatics)
242,06051,06051,Kolmogorov Complexity and Applications,information theory; Kolmogorov complexity; effective randomness; algorithmic probability; recursion theory; computational complexity; machine learning and statistics; pattern recognition; data mining; and knowledge discovery.,artificial intelligence / robotics
243,06061,06061,Theory of Evolutionary Algorithms,evolutionary algorithms; theoretical analysis; optimization time; co-evolution,artificial intelligence / robotics data structures / algorithms / complexity optimization / scheduling interdisciplinary (e.g. bioinformatics)
244,06081,06081,Software Verification: Infinite-State Model Checking and Static Program Analysis,Infinite-state systems; model checking; program analysis; software verification,Verification/logic; semantics/specification; programming languages/compilers
245,06091,06091,Data Structures,data structures; algorithms; large data sets; external memory algorithms; streaming model,data bases / information retrieval; data structures / algorithms / complexity; web; networks
246,06101,06101,"Spatial Data: Mining, Processing and Communicating",,
247,06111,06111,Complexity of Boolean Functions,,
248,06121,06121,Atomicity: A Unifying Concept in Computer Science,,
249,06131,06131,Peer-to-Peer-Systems and -Applications,Peer-to-Peer; self-organization; massively distributed systems,networks
250,06132,06132,Internet Economics,Communications; Networking; Internet; Economics,Interdisciplinary
251,06141,06141,Dynamically Reconfigurable Architectures,,
252,06161,06161,Simulation and Verification of Dynamic Systems,,
253,06171,06171,Content-Based Retrieval,,
254,06172,06172,Directed Model Checking,Model Checking; Artificial Intelligence; AI Plannning; Guided Traversal; State Explosion Problem; Error Detection; Protocol Analysis; Hardware and Software Verification and Validation; Heuristics; Evaluation Functions; Relaxations; Lower Bounds; Pattern Databases; Abstractions; Heuristic Search (Best-First Search; A*; IDA*; etc.); Local Search (Hill-Climbing; Genetic Algorithms; etc.); Symbolic Heuristic Search (BDDA*; ADDA*; SetA*; SA* etc.); Byte-Code and Object-Code Verification; I/O Efficient Search; Symmetry Reduction; Partial-Order Reduction; Search Space Partitioning; Bounded Model Checking,Verification/Logic; Artificial Intelligence; Sofware-Engineering; Heuristics/Evolutionary Algorithms; Data Structures/Algorithms/Complexity
255,06181,06181,Latently-Typed Languages,latent typing; object-oriented programming; functional programming; introductory teaching; domain-specific languages; programming environments; refactoring,programming languages / compiler
256,06191,06191,Rigorous Methods for Software Construction and Analysis,,
257,06201,06201,Combinatorial and Algorithmic Foundations of Pattern and Association Discovery,,
258,06221,06221,"Computational Aesthetics in Graphics, Visualization and Imaging",,
259,06231,06231,Towards Affordance-Based Robot Control,Autonomous mobile robot; robot control architecture; robot perception; cognitive robotics; knowledge representation and learning; affordances; cognitive role of function and action; attention; motivation,Artificial Intelligence / Robotics (primary); Interdisciplinary: Cognitive Sciences (secondary)
260,06241,06241,"Human Motion – Understanding, Modeling, Capture and Animation. 13th Workshop on Theoretical Foundations of Computer Vision",Human motion; object representation; pose recovery; inverse kinematics,Computer graphics; computer vision; Biomechanics
261,06251,06251,"Multi-Robot Systems: Perception, Behaviors, Learning, and Action",autonomous robots; multi-robot systems; object recognition; robot-human interaction; modeling; robot simulation,artificial intelligence / robotics
262,06261,06261,Foundations and Practice of Programming Multi-Agent Systems,Agent-oriented programming; Agent-oriented software engineering; Multi-agent implementation languages; Agent development tools and platforms; Semantics of agent-oriented languages; Specification and verification of multi-agent systems; Theories of multi-agent programming,artificial intelligence / robotics; programming languages / compiler; sw-engineering; semantics / formal methods; verification / logic
263,06271,06271,Challenges in Symbolic Computation Software,"Symbolic computation; computer algebra; computational algebraic geometry; combinatorial methods in algebra; hybrid symbolic-numerical methods; computational number theory; computational group theory; algorithm design; symbolic computation languages, systems and user interfaces",data structures / algorithms / complexity
264,06291,06291,The Role of Business Processes in Service Oriented Architectures,Business Process Management; Workflow Management; Middleware; Service Oriented Architecture; Web Services; Petri-Nets; Transaction Models; Mega-Programming,SW-Engineering; Verification; Web; Semantics/Formal Methods
265,06301,06301,"Duplication, Redundancy, and Similarity in Software",Software clones; code redundancy; clone detection; redundancy removal; software refactoring; software,"Sw-engineering; ACM Classifications: D.2.7, D.2.13, K.5.1."
266,06302,06302,Aspects For Legacy Applications,AOSD; software evolution; aspect identification (aspect mining); refactoring; program understanding; program transformation; program analysis,programming languages / compiler
267,06311,06311,Sensor Data and Information Fusion in Computer Vision and Medicine,sensor and data fusion; adaptive fusion; multimodal fusion; multiple classifier fusion; computer vision; robotics; medical imaging,artificial intelligence / robotics
268,06341,06341,"Computational Structures for Modelling Space, Time and Causality",Mathematical structures in computer science; Interdisciplinary: computer science and physics; Verification / logic; Semantics / formal methods,Geometry; topology; domains; approximation by finite T0-spaces; closure spaces; logic; causal sets; order-theoretic and generalized metric models; quantum gravity; general relativity
269,06351,06351,Methods for Modelling Software Systems (MMOSS),Modelling Methods; Design Models; Verification Models; Problem-solution co-refinement,modelling / simulation; sw-engineering; semantics / formal methods; verification / logic
270,06361,06361,Computing Media and Languages for Space-Oriented Computation,hardware architecture; computing medium; space-oriented computation; nonconventional programming models,Architecture; Programming Languages / Compiler
271,06371,06371,From Security to Dependability,fault-tolerant systems; distributed computing,modelling / simulation; security / cryptography; networks; semantics / formal methods; verification / logic
272,06381,06381,Computer Science in Sport,Modelling and Simulation; Multimedia; Sports management; Soft computing / computational intelligence; E-learning; Distributed games. Interdisciplinary collaboration; Behavioral process analysis; Net-based pattern analysis; Information and communication technology. Game analysis / notational analysis; Training and competition analysis; Training and competition data management; Performance analysis; Biomechanics; Assisted mobility,Interdisciplinary: sport
273,06391,06391,Algorithms and Complexity for Continuous Problems,Continuous algorithms; Continuous complexity; Tractability; High-dimensional problems; Operator equations; Quantum computation; Stochastic computation; Ill-posed problems; Monte Carlo; Qubit complexity; Random noise; Approximation theory; Lattice rules,Continuous algorithms/complexity
274,06401,06401,Complexity of Constraints,constraint satisfaction problem; satisfiability problems; counting problems; computational complexity; Post’s lattice; Galois correspondence; universal algebra; homomorphism problem; combinatorics.,data structures/algorithms/complexity
275,06421,06421,Robot Navigation,,robotics; Interdisciplinary
276,06431,06431,Scalable Data Management in Evolving Networks,Data management; mobile ad-hoc networks; p2p systems; sensor networks,Databases / Networks
277,06441,06441,Naming and Addressing for Next-Generation Internetworks,Naming; addressing; network architecture; next-generation networks; security; privacy,mobile Computing; Security/Cryptography; Networks
278,06451,06451,"Circuits, Logic, and Games",computational complexity theory; finite model theory; Boolean circuits; regular languages; finite monoids; Ehrenfeucht-Fraisse-games.,data structures/algorithms/complexity
279,06461,06461,Negotiation and Market Engineering,Negotiations; Auctions; Decision Support Systems; Software Agents,web; society; electronic markets; interdisciplinary (computer science and economics)
280,06472,06472,XQuery Implementation Paradigms,XQuery; XQuery Compilers; Relational Database Systems; Native XML Database Systems; XML Stream Processing; Database Query Processing and Optimization; Database Benchmarks,data bases / information retrieval web programming languages / compiler
281,06481,06481,Geometric Networks and Metric Space Embeddings,geometric networks; metric space embeddings; spanners; dilation,data structures; algorithms; complexity
282,06491,06491,"Digital Historical Corpora – Architecture, Annotation, and Retrieval",Corpus architecture; annotation standards; multilingual; multimodal corpora; fuzzy search; multilevel hypertext,Interdisciplinary (Computer Science; Computational Linguistics; Corpus Linguistics; Literacy; Bioinformatics) Own Categories: Corpus architecture; Processing and representing multilingual and multimodal parallel text corpora; Annotation standards; Retrieval facilities in multilevel hypertext
283,06501,06501,Practical Approaches to Multi-Objective Optimization,Multi-criteria optimization; evolutionary and classical methods; interaction,artificial intelligence optimization soft computing
284,07011,07011,Runtime Verification,dynamic program analysis; specification languages and logics; program instrumentation; aspect-oriented programming; program guidance,verification / logic
285,07021,07021,Symmetric Cryptography,Authenticity; Integrity; Privacy; Block Ciphers; Stream Ciphers; Hash Functions; Provable Security; Cryptanalysis,security / cryptography
286,07041,07041,Power-aware Computing Systems,power-aware architectures,modelling / simulation; hardware; programming languages / compiler
287,07051,07051,Programming Paradigms for the Web: Web Programming and Web Services,web programming; programming concepts; program analysis; type systems; scripting languages; XML processing and querying,data bases / information retrieval; web; programming languages / compiler; semantics / formal methods; verification / logic
288,07061,07061,Autonomous and Adaptive Web Services,web programming; programming concepts; program analysis; type systems; scripting languages; XML processing and querying,data bases / information retrieval; web; programming languages / compiler; semantics / formal methods; verification / logic
289,07071,07071,Web Information Retrieval and Linear Algebra Algorithms,Markov chains; numerical methods; web information retrieval; performance evaluation; intrusion detection; aggregation-disaggregation methods; graph-oriented decomposition,data bases / information retrieval; modelling / simulation; web; security / cryptography; networks; interdisciplinary
290,07081,07081,End-User Software Engineering,end-user software engineering; end-user programming,sw-engineering; programming languages; human-computer interaction; empirical studies
291,07091,07091,"Mobility, Ubiquity and Security",security; information-flow/resource control; security type systems; security logics; proof-carrying code,mobile computing; security / cryptography; networks; verification / logic
292,07101,07101,Quantitative Aspects of Embedded Systems,performance/reliability; embedded systems; software; model-driven design,modelling / simulation; data structures / algorithms / complexity; optimization / scheduling; programming languages / compiler; sw-engineering; semantics / formal methods; verification / logic; embedded systems
293,07112,07112,"Cutting, Packing, Layout and Space Allocation",Cutting and Packing; Nesting; Space Allocation; Layout; Optimisation,optimization / scheduling; interdisciplinary; Operational Research; Artificial Intelligence
294,07131,07131,Similarity-based Clustering and its Application to Medicine and Biology,Similarity-based clustering and classification; prototype-based classifiers; self-organisation; SOM; learning vector quantization; medical diagnosis; bioinformatics,AI; Soft computing; Interdisciplinary (medicine/biology)
295,07132,07132,Towards Interoperability of Biomedical Ontologies,formal ontology; biomedical ontology; standardization; data integration; information retrieval; reasoning with information at different levels of granularity,semantics / formal methods; interdisciplinary: bioinformatics; medical informatics
296,07151,07151,Geometry in Sensor Networks,sensor networks; computational geometry,Networks; algorithms; mobile computing
297,07161,07161,"Probabilistic, Logical and Relational Learning – A Further Synthesis",artificial intelligence; machine learning; uncertainty in artificial intelligence; probabilistic reasoning; knowledge representation; logic programming; relational learning; inductive logic programming; graphical models,artificial intelligence / robotics; interdisciplinary (e.g. bioinformatics; machine learning; statistical relational learning
298,07171,07171,Visual Computing – Convergence of Computer Graphics and Computer Vision,Image- and video-based modeling and rendering; perception-guided modeling and rendering; texture synthesis; scattering and reflectance measurement and rendering; capturing reality (appearance; motion) from images; 3D acquisition and display; 3D reconstruction; image and model compression; computational photography; high dynamic range imaging,computer graphics / computer vision
299,07181,07181,Parallel Universes and Local Patterns,Data mining; local patterns; anomaly detection; parallel universes,data bases / information retrieval; soft computing; interdisciplinary
300,07191,07191,Event Processing,Event Processing; Real-time Information Systems; Reactive systems; Proactive systems; Active Technologies.,Event Processing (main classification); Artificial Intelligence; Databases; Programming Languages; Semantics/specification/formal methods; Software Engineering.
301,07211,07211,"Exact, Approximative, Robust and Certifying Algorithms on Particular Graph Classes",exact algorithms for NP-hard graph problems; approximation algorithms for graph problems; robust graph algorithms; verified problem solving,data structures / algorithms / complexity
302,07212,07212,"Constraint Databases, Geometric Elimination and Geographic Information Systems",constraint databases; geometric elimination; quantier elimination algorithms; geographic information systems,data bases / information retrieval; data structures / algorithms / complexity; interdisciplinary; geographic information systems
303,07221,07221,"Information Visualization – Human-Centered Issues in Visual Representation, Interaction, and Evaluation",Information Visualization; Data Visualization; Visualization; Human-Computer Interaction,computer graphics / computer vision; interdisciplinary; visualization
304,07241,07241,"Tools for the Model-based Development of Certifiable, Dependable Systems",dependable systems; safety; security; certification; formal methods; modelling; verification; tools,semantics / formal methods; verification / logic Own Category: 	dependable systems
305,07261,07261,Fair Division,Economics; Fairness; Allocation; Political Science,Interdisciplinary; Economics
306,07271,07271,Computational Social Systems and the Internet,Mechanism Design; Combinatorial Auctions; Social Choice Theory; Behavioural Economics; Computational Game Theory; Social Networks,algorithms; sociology; interdisciplinary; AI; networks; optimization; web
307,07281,07281,"Structure Theory and FPT Algorithmics for Graphs, Digraphs and Hypergraphs",fixed parameter tractable; graphs; digraphs; hypergraphs,data structures / algorithms / complexity; networks; optimization / scheduling
308,07291,07291,Scientific Visualization,Markov chains; numerical methods; web information retrieval; performance evaluation; intrusion detection; aggregation-disaggregation methods; graph-oriented decomposition,data bases / information retrieval; modelling / simulation; web; security / cryptography; networks; interdisciplinary
309,07311,07311,Frontiers of Electronic Voting,electronic voting; voting machines; encryption; anonymous channel; privacy protection; verifiability; authentication; integrity; digital receipts; coercion resistance; cryptanalysis; thread models; formal security analysis; voting protocols; commercial voting systems; standardization; legal models; e-democracy; usability and social effects,security / cryptography; interdisciplinary with non-informatics-topic standardization; legal and social problems; political sciences
310,07341,07341,Code Instrumentation and Modeling for Parallel Performance Analysis,program instrumentation; performance analysis; performance modeling; parallel and distributed computing,sw-engineering; optimization/scheduling; modeling simulation; programming languages / compiler
311,07351,07351,Formal Models of Belief Change in Rational Agents,belief change; rational agents; information economy; information processing,artificial intelligence / robotics; interdisciplinary with non-informatics-topic: Economics; Decision Theory; Philosophy
312,07361,07361,Programming Models for Ubiquitous Parallelism,parallelism; parallel computing; compiler; multi-core processors; programming languages; libraries; IDE; middleware; hardware; operating systems,hardware; programming languages / compiler
313,07381,07381,Cryptography,cryptography; provable security; mathematical foundations; protocols,security / cryptography
314,07391,07391,Probabilistic Methods in the Design and Analysis of Algorithms,,Algorithms/Probabilistic Methods/Analysis/Complexity
315,07401,07401,Deduction and Decision Procedures,automated deduction; decision procedures; verfication and specification,artificial intelligence / robotics; semantics / specification /formal methods; verification / logic
316,07411,07411,Algebraic Methods in Computational Complexity,computational complexity; algebra; quantum computing; (de-) randomization,data structures / algorithms / complexity; security / cryptography
317,07421,07421,Formal Protocol Verification Applied,security protocols; formal verification; trusted computing; biometrics; security of mobile computing; electronic voting; payment systems,security / cryptography; semantics / formal methods; verification / logic
318,07431,07431,Computational Issues in Social Choice,preference representation and aggregation; fair division; negotiation; voting theory; mechanism design; social software; computational complexity,artificial intelligence / robotics; verification / logic; interdisciplinary with non-informatics-topic; social choice theory; game theory; decision theory
319,07441,07441,Algorithmic-Logical Theory of Infinite Structures,theories of infinite structures; computable model theory and automatic structures; model checking infinite systems,Logic; complexity
320,07451,07451,Model-Based Engineering of Embedded Real-Time Systems,Models; model-based; MDD; embedded systems; real-time systems; validation & verification; tool-support; domain-specific languages,sw-engineering; embedded systems; real-time systems
321,07461,07461,Numerical Methods for Structured Markov Chains,Matrix analytic methods; markov processes; queuing theory; numerical methods; structured matrices; telecommunication modeling; performance evaluation,modelling / simulation; data structures / algorithms / complexity; networks
322,07462,07462,"Assisted Living Systems – Models, Architectures and Engineering Approaches",Ambient Intelligence; Sensor Networks; Context Awareness; Software Achitectures; Home Care; Health Modelling,Mobile Computing; Networks; SW-Engineering; Modelling/Simulation
323,07471,07471,Equilibrium Computation,planning; multiagent systems; reasoning,artificial intelligence / robotics; semantics / specification / formal methods; verification / logic
324,07491,07491,Mining Programs and Processes,Event Processing; Real-time Information Systems; Reactive systems; Proactive systems; Active Technologies.,Event Processing (main classification); Artificial Intelligence; Databases; Programming Languages; Semantics/specification/formal methods; Software Engineering.
325,08021,08021,Numerical Validation in Current Hardware Architectures,Computer arithmetic; arbitrary precision; floating-point arithmetic standardization; language support; reliable libraries; high-precision special functions; reliablealgorithms; reliable floating-point and interval computing on different platforms,hardware; programming languages / compiler; semantics / specification / formal methods; interdisciplinary with non-informatics-topic own classification = Reliable algorithms
326,08031,08031,Software Engineering for Self-Adaptive Systems,Software engineering; self-adaptability; requirements engineering; software architectures; formal models; programming languages; software components; software deployment; evolution; self-organization; self-management,modelling / simulation; sw-engineering; semantics / specification / formal methods
327,08041,08041,"Recurrent Neural Networks – Models, Capacities, and Applications",Recurrent neural networks; liquid state machine; echo state machine; dynamic systems; speech processing; neurobiology; neurosymbolic integration,artificial intelligence / robotics; soft computing / evol. algorithms; cognitive science
328,08043,08043,Telecommunication Economics,telecommunications; economics; business modeling; value chains; accounting; charging; billing; tariffing; regulation; policy; law; contracts,multimedia; mobile computing; networks; business models; interdisciplinary: economics
329,08051,08051,Theory of Evolutionary Algorithms,Evolutionary Algorithms; Theoretical Analysis; Optimization Time,artificial intelligence / robotics; data structures / algorithms / complexity; optimization / scheduling; soft computing / evol. algorithms
330,08061,08061,"Types, Logics and Semantics for State",mutable state; program logics; semantics; type systems,programming languages / compiler; semantics / specification / formal methods; verification / logic
331,08071,08071,Scheduling,Scheduling; Real-time; Supply chain,optimization / scheduling
332,08081,08081,Data Structures,data structures; algorithms; large data sets; external memory methods; streaming; web-scale; flash memory,data bases / information retrieval; data structures / algorithms / complexity; networks
333,08091,08091,Logic and Probability for Scene Interpretation,Scene Interpretation; Logical Models; Probabilistic Models,artificial intelligence / robotics; computer graphics / computer vision; semantics / specification / formal methods
334,08101,08101,Computational Proteomics,bioinformatics; biomedicine; proteomics; analytical chemistry,interdisciplinary with non-informatics-topic bioinformatics
335,08102,08102,Network Attack Detection and Defense,Intrusion detection and prevention; attack response and countermeasures; reactive security; automated security; survivability and self-protection; malware; vulnerability analysis; risk assessment; network monitoring; flow analysis; denial of service detection and response; event correlation,security / cryptography; networks
336,08111,08111,Ranked XML Querying,Scoring methods for XML; Ranking approximate XML answers; Top-K query processing; Querying structured and unstructured data; XML Full-Text Querying; Querying heterogeneous XML; Extracting structure from unstructured data; Text mining; XML data integration.,data bases/information retrieval; data structures/algorithms/complexity; web
337,08131,08131,Ontologies and Text Mining for Life Sciences: Current Status and Future Perspectives,Text mining; natural language processing; ontologies; ontology design; machine learning; bioinformatics; medical informatics; knowledge management,data bases / information retrieval; semantics / formal methods; bioinformatics
338,08141,08141,Organic Computing – Controlled Self-organization,organic computing; self-organisation; design; adaptivity,artificial intelligence / robotics; modelling / simulation; mobile computing; networks; semantics / specification / formal methods; soft computing / evol. algorithms
339,08142,08142,Combining the Advantages of Product Lines and Open Source,product lines; product families; open source development; distributed development; agility; variability management,sw-engineering
340,08161,08161,Scalable Program Analysis,static analysis; security; pointer analysis; data flow analysis; error detection; concurrency,data structures / algorithms / complexity; security / cryptography; optimization / scheduling; programming languages / compiler; semantics / specification / formal methods; verification / logic
341,08171,08171,Beyond the Finite: New Challenges in Verification and Semistructured Data,verification; semistructured data; infinite state systems; logic; automata,data bases / information retrieval; data structures / algorithms / complexity; security / cryptography; semantics / specification / formal methods; verification / logic
342,08181,08181,The Evolution of Conceptual Modeling,Matrix analytic methods; markov processes; queuing theory; numerical methods; structured matrices; telecommunication modeling; performance evaluation,modelling / simulation; data structures / algorithms / complexity; networks
343,08191,08191,Graph Drawing with Applications to Bioinformatics and Social Sciences,graph drawing; usability,computer graphics / visualization / human-computer-interaction
344,08201,08201,Design and Analysis of Randomized and Approximation Algorithms,Randomized Algorithms; Approximation Algorithms; Optimization Problems; Linear and Semidefinite Programming; Measurement Problems; Decentralized Networks; Internet Algorithms; Algorithmic Game Theory,modelling / simulation; data structures / algorithms / complexity; networks; optimization / scheduling
345,08221,08221,Geometric Modeling,geometry; engineering; volumetric modeling; computer graphics,computer graphics; modeling
346,08241,08241,Transactional Memory: From Implementation to Application,Multiprocessors; Multi-core machines; Concurrent Programming; Parallel Programming; Synchronization; Transactional Memory,data structures / algorithms / complexity; hardware; programming languages / compiler
347,08251,08251,Contextual and Social Media Understanding and Usage,mutable state; program logics; semantics; type systems,programming languages / compiler; semantics / specification / formal methods; verification / logic
348,08261,08261,Structure-Based Compression of Complex Massive Data,Data compression; algorithms for compressed strings and trees; XML-compression,Data structures; algorithms; complexity; databases
349,08271,08271,Topological and Game-Theoretic Aspects of Infinite Computations,Automata theory; computability in analysis; dataflow computation; hierarchies; infinite computations; infinite games with perfect information; reactive systems; specification and verification; topological complexity; Wadge reducibility.,data structures / algorithms / complexity; verification / logic
350,08281,08281,Software Engineering for Tailor-made Data Management,tailor-made data management; DBMS architectures; software engineering; DBMS product lines; embedded data management,data bases / information retrieval; sw-engineering
351,08291,08291,Statistical and Geometrical Approaches to Visual Motion Analysis. 14th Workshop “Theoretic Foundations of Computer Vision”,Motion Analysis; Statistical Methods; Computational Geometry,computer graphics / computer vision
352,08292,08292,The Study of Visual Aesthetics in Human-Computer Interaction,human-computer interaction; aesthetics; beauty; design; hedonics; concepts; measurement,web; society / HCI
353,08302,08302,Countering Insider Threats,Insider Threat; Security Policies; Threat Modelling,modelling / simulation; security / cryptography; society / HCI
354,08331,08331,Model Engineering of Complex Systems (MECS),conceptual modeling; model; modeling language; modeling method; model quality; modeling proccess; model cost,artificial intelligence / robotics; multimedia; sw-engineering extra_classif = Business Proccess reengineering; data engineering; human-computer-interaction
355,08332,08332,Distributed Verification and Grid Computing,grid computing; verification; parallel computing; model checking,semantics / specification / formal methods; verification / logic Own Categories: parallel computing; grid computing
356,08341,08341,Sublinear Algorithms,sublinear algorithms; data streaming; property testing,data structures / algorithms / complexity
357,08351,08351,Evolutionary Test Generation,Test generation; Evolutionary algorithms; Model Based Development; Genetic algorithms,modelling / simulation; sw-engineering; semantics / specification / formal methods; verification / logic; soft computing / evol. algorithms
358,08361,08361,Programming Multi-Agent Systems,Multi-agent systems; multi-agent programming; programming distributed systems; software methodologies for distributed systems,artificial intelligence / robotics; modelling / simulation; programming languages / compiler; semantics / specification / formal methods
359,08371,08371,Fault-Tolerant Distributed Algorithms on VLSI Chips,Fault-tolerant distributed algorithms; system-level fault tolerance; VLSI systems-on-chip; digital logic; formal specification,data structures / algorithms / complexity; networks; hardware
360,08372,08372,Computer Science in Sport – Mission and Methods,Mission of computer science in sport; ubiquitous computing; computerized game and performance analysis in sport; sport events; computer-supported training,Interdisciplinary:Sport; Interdisciplinarity / research programs / integration
361,08381,08381,Computational Complexity of Discrete Problems,,
362,08391,08391,Social Web Communities,folksonomies; social bookmarking; emergent semantics; social network analysis,artificial intelligence / robotics; data bases / information retrieval; multimedia; web; society / HCI; complex systems
363,08393,08393,"Virtual games, interactive hosted services and user-generated content in Web 2.0",Internet; Web 2.0; law,web
364,08412,08412,Science of Design: High-Impact Requirements for Software-Intensive Systems,science of design; requirements engineering,sw-engineering; society / HCI Interdisciplinary with non-informatics-topic: Business Informatics
365,08421,08421,Uncertainty Management in Information Systems,Information systems; uncertainty; inconsistency; beliefs,artificial intelligence / robotics; data bases / information retrieval; data structures / algorithms / complexity; extra_classification = self-organizing systems
366,08431,08431,Moderately Exponential Time Algorithms,algorithms; exponential time algorithms; SAT; graphs,data structures / algorithms / complexity
367,08441,08441,Emerging Uses and Paradigms for Dynamic Binary Translation,Dynamic binary translation; virtual machines,security / cryptography; programming languages / compiler; sw-engineering
368,08451,08451,"Representation, Analysis and Visualization of Moving Objects",moving objects; spatio-temporal databases; spatio-temporal analysis; movement analysis; spatial data mining; KDD; computational geometry; visual analytics,data bases / information retrieval; modelling / simulation; data structures / algorithms / complexity; web; mobile computing; geographic information systems
369,08461,08461,Planning in Multiagent Systems,planning; multiagent systems; reasoning,artificial intelligence / robotics; semantics / specification / formal methods; verification / logic
370,08471,08471,Geographic Privacy-Aware Knowledge Discovery and Delivery,spatio-temporal databases; data mining; privacy-preserving mining; data visualization,computer graphics / computer vision; data bases / information retrieval; security / cryptography; society / HCI
371,08491,08491,Theoretical Foundations of Practical Information Security,organic computing; self-organisation; design; adaptivity,artificial intelligence / robotics; modelling / simulation; mobile computing; networks; semantics / specification / formal methods; soft computing / evol. algorithms
372,08492,08492,Structured Decompositions and Efficient Algorithms,sparse signal representation; optimal signal reconstruction; approximation; compression,data bases; information retrieval; data structures; algorithms; complexity; sparse signal representation; signal reconstruction; signal compression
373,09021,09021,Software Service Engineering,Business Process Management; Component-Based Development; MDA; Methods; Requirements Engineering; Service Oriented Architecture; Software Engineering; Web Services,Modelling; Simulation; SW-Engineering; Service Oriented Computing
374,09031,09031,Symmetric Cryptography,Authenticity; Integrity; Privacy; Stream Ciphers; Hash Functions; Provable Security; Cryptanalysis,Security; Cryptography
375,09041,09041,Hybrid and Robust Approaches to Multiobjective Optimization,Multi-criteria optimization; multiple criterion decision making; evolutionary multiobjective optimization; hybrid methods; robustness; uncertainty,Artificial intelligence; robotics; optimization; scheduling; soft computing; evol. algorithms
376,09051,09051,Knowledge representation for intelligent music processing,knowledge representation; inference; music; musical data; information retrieval; music analysis; digital editing of music; music cognition; computational musicology.,artificial intelligence; robotics; semantics; specification; formal methods; Interdisciplinary: musicology; cognitive modelling
377,09052,09052,Management of the Future Internet,Networks; Future Internet; Network Management,Networks; Web / Internet
378,09061,09061,Combinatorial Scientific Computing,graphs; combinatorics; high-performance scientific computing,modelling / simulation; data structures / algorithms / complexity; optimization / scheduling; programming languages / compiler; combinatorial scientific computing
379,09071,09071,Delay and Disruption-Tolerant Networking (DTN) II,DTN; simulations; mobility; MANET; delay-tolerant networking; ad-hoc networking; routing,mobile computing; security / cryptography; networks
380,09072,09072,Bandwidth on Demand,bandwidth on demand; bandwidth provisioning; bandwidth trading; network economics; resource allocation; network virtualization; wireless mesh networks; peer-to-peer networks; business modeling; telecommunications; market mechanisms; regulation; legislation,networks; business models; mobile computing
381,09073,09073,Model-Based Design of Trustworthy Health Information Systems,trustworthy systems; health information systems; model-based design; security policies; service oriented architecture,modelling / simulation; security / cryptography; sw-engineering; Interdisciplinary with non-informatics-topic: Health Information Systems
382,09081,09081,Similarity-based learning on structures,similarity-based clustering and classification; metric adaptation and kernel design; learning on graphs; spatiotemporal data,artificial intelligence; robotics; soft computing; evol. algorithms Interdisciplinary with non-informatics-topic: bioinformatics
383,09082,09082,The Future of Grid Computing,Sustainability of Grid systems; relationship of Grid computing to classic areas of computer science,Web; security; cryptography; networks; programming languages; compiler; sw-engineering
384,09091,09091,Formal Methods in Molecular Biology,Petri nets; statecharts; pi-calculus; concurrency; constraints; process algebra; model checking; boolean networks; communicating automata; hybrid models; differntial equations; stochastic modeling,modeling/simulation; networks; semantics/specification/formal methods; verifcation/logic; 
385,09101,09101,Interactive Information Retrieval,information retrieval models; cognitive information retrieval approaches; HCI; interactive computation; collaboration; social media; social networks; multimodal interaction,data bases; information retrieval; society; HCI
386,09102,09102,Naming and Addressing in a Future Internet,,
387,09111,09111,Computational Geometry,,computer graphics / computer vision; data structures / algorithms / complexity
388,09121,09121,Normative Multi-Agent Systems,similarity-based clustering and classification; metric adaptation and kernel design; learning on graphs; spatiotemporal data,artificial intelligence; robotics; soft computing; evol. algorithms Interdisciplinary with non-informatics-topic: bioinformatics
389,09131,09131,Service Level Agreements in Grids,Grid Computing; Resource Management; Scheduling,optimization / scheduling; Distributed Systems
390,09141,09141,Web Application Security,web applications; security; ajax; web 2.0; analysis for security; browser design; distributed applications,web; security / cryptography; programming languages / compiler
391,09142,09142,Preventing the Brainware Crisis,computer science education; outreach; people networking; enrolment crisis; schools,interdisciplinary
392,09161,09161,Generalization of spatial information,spatial information; generalization; aggregation; web services; formal semantics; geo-ontology; user context; constraint specification; progressive data transfer; computational geometry; cartography; mobile systems,artificial intelligence; robotics; computer graphics; computer vision; data bases; information retrieval; modelling; simulation; data structures; algorithms; complexity; mobile computing; semantics; specification; formal methods; society; HCI
393,09162,09162,Architecture and Design of the Future Internet,future Internet architecture; protocols; heterogeneity; mobility; security; resilience; survability; policy; naming; addressing; routing,mobile computing; security; cryptography; networks; society; HCI
394,09171,09171,"Adaptive, Output Sensitive, Online and Parameterized Algorithms",adaptive analysis; instance optimal algoritms; fixed parameter tractable; output sensitive algorithms,computer graphics / computer vision; data bases / information retrieval; data structures / algorithms / complexity; optimization / scheduling
395,09181,09181,Sampling-based Optimization in the Presence of Uncertainty,Optimal learning; optimization in the presence of uncertainty; sequential experimental design; ranking and selection; random,Artificial Intelligence; Simulation; Algorithms; Optimization; Soft Computing
396,09191,09191,Fault Tolerance in High-Performance Computing and Grids,High-Performance Computing; Grids; Fault-Tolerance; Applications; Runtime Systems; Operating Systems; Middleware; Peer-to-Peer; Overlay Networks,Operating systems
397,09192,09192,From Quality of Service to Quality of Experience,Quality of Service; Quality of Experience; perceptual service quality; usability; content; service pricing,Multimedia; Networks; Society/HCI; Internet
398,09201,09201,Self-Healing and Self-Adaptive Systems,Self-healing; Self-adaptive systems; Dependability; Root-cause analysis; System and software modeling; Predictive and proactive methods; Fault detection and management; Debugging; Large IT infrastructures; Case studies,Software Engineering; Systems Management
399,09211,09211,Visualization and Monitoring of Network Traffic,Computer Networks; Internet; Monitoring of Networks and Services; Visualization; Animation,Computer Graphics; Computer Vision; Networks
400,09221,09221,Algorithms and Number Theory,algorithms; number theory; cryptography,data structures / algorithms / complexity; security / cryptography; Interdisciplinary with non-informatics-topic: number theoretical algorithms
401,09251,09251,Scientific Visualization,scientific visualization; data analysis; data modeling; segmentation; knowledge extraction; ubiquitous visualization; categorical visualization; intelligent/automatic visualization; point-based/mesh-free visualization,visualization / computer graphics / modeling
402,09261,09261,Models and Algorithms for Optimization in Logistics,discrete optimization; large scale optimization; logistics; transport,modelling; simulation; data structures / algorithms / complexity; networks; optimization / scheduling; Interdisciplinary with non-informatics-topic: logistics / transportation
403,09271,09271,Semantic Web Reflections and Future Directions,Semantic Web; Semantic Web Services; eBusiness; SOA; Web Services; GRID; Web 2.0,artificial intelligence / robotics; web
404,09281,09281,Search Methodologies,Search algorithms; group testing; fault-tolerance; identification; decision tree; multi-access communication,data structures / algorithms / complexity
405,09282,09282,Foundations for Forgery-Resilient Cryptographic Hardware,Cryptography; Physically Unclonable Functions; Hardware Trojan; Trapdoor Detection; Device Counterfeiting; Trusted Computing,
406,09291,09291,Computational Creativity: An Interdisciplinary Approach,creativity; cybernetics; evolution; adapation; genetic algorithms,artificial intelligence; robotics; computer graphics; computer vision; modelling; simulation; soft computing; evol. algorithms; Interdisciplinary with non-informatics-topic: the creative arts
407,09301,09301,"Typing, Analysis and Verification of Heap-Manipulating Programs",Separation Logic; Shape Analysis,programming languages; compiler; semantics; specification; formal methods; verification; logic
408,09302,09302,New Developments in the Visualization and Processing of Tensor Fields,visualization; image processing; tensor fields; diffusion tensor imaging (DT-MRI); partial differential equations (PDEs); tensor decomposition; feature extraction; segmentation; fiber tracking; elastography; fluid dynamics; structural mechanics,computer graphics / computer vision
409,09311,09311,Classical and Quantum Information Assurance Foundations and Practice,classical and quantum cryptography and computation,security; cryptography; verification; logic
410,09341,09341,"Cognition, Control and Learning for Robot Manipulation in Human Environments",manipulation; cognition; control; learning; humanoid robot; unstructured environments,artificial intelligence; robotics; machine learning; cognition
411,09351,09351,"Information processing, rational belief change and social interaction",information processing; belief formation; social interaction,Artificial Intelligence; Interdisciplinary (Computer Science / Economics/ Game Theory / Philosophy); Formal methods; Logic
412,09361,09361,Design and Validation of Concurrent Systems,concurrency; specification; programming; verification; validation; testing,programming languages; compiler; sw-engineering; semantics; specification; formal methods; verification; logic
413,09371,09371,Algorithmic Methods for Distributed Cooperative Systems,algorithms; cooperative systems; robotics; sensor networks,artificial intelligence; robotics; data structures; algorithms; complexity
414,09381,09381,Refinement Based Methods for the Construction of Dependable Systems,similarity-based clustering and classification; metric adaptation and kernel design; learning on graphs; spatiotemporal data,artificial intelligence; robotics; soft computing; evol. algorithms Interdisciplinary with non-informatics-topic: bioinformatics
415,09391,09391,Algorithms and Complexity for Continuous Problems,Quantum computation; Tractability; High-dimensional problems; Operator equations; Computational learning theory; Computational stochastic processes,data structures / algorithms / complexity
416,09401,09401,Machine learning approaches  to statistical dependences and causality,knowledge representation; inference; music; musical data; information retrieval; music analysis; digital editing of music; music cognition; computational musicology.,artificial intelligence; robotics; semantics; specification; formal methods
417,09402,09402,Democracy in a Network Society,e-democracy; legal models; political models; privacy enhancing technologies; privacy threats; authentication; digital identity; malware; malicious cryptography; usability; social effects,security; cryptography; society; HCI; Interdisciplinary with non-informatics-topic: legal and social problems; political sciences
418,09411,09411,Interaction versus Automation: The two Faces of Deduction,,
419,09421,09421,Algebraic Methods in Computational Complexity,computational complexity; algebra; (de-) randomization,data structures; algorithms; complexity; security; cryptography; verification; logic
420,09431,09431,From Form to Function,recognition of structure; form and shape; affordances; perception action loop; grasping,artificial intelligence; robotics; computer graphics; computer vision; semantics; specification; formal methods
421,09441,09441,The Constraint Satisfaction Problem: Complexity and Approximability,constraint satisfaction problem (CSP); satisfiability; computational complexity; CSP dichotomy conjecture; hardness of approximation; unique games conjecture; random CSP; universal algebra; logic.,data structures; algorithms; complexity
422,09451,09451,"Geometric Networks, Metric Space Embeddings and Spatial Data Mining",geometric networks; metric space embedding; data mining,data structures; algorithms; complexity; data mining
423,09461,09461,Algorithms and Applications for Next Generation SAT Solvers,Boolean Satisfiability; Formal Methods; Word Level; Quantification; Multi-threading,data structures / algorithms / complexity; hardware; verification / logic
424,09471,09471,"Computer-assisted proofs – tools, methods and applications",Computer-assisted proofs; verification methods; error-free transformations; computer algebra; semidefinite programming,verification / logic; semantics / formal methods
425,09481,09481,SYNCHRON 2009,Synchronous languages; Safety-critical real-time systems; Model-based design; Discrete and hybrid systems; Combining synchronous and asynchronous models; Formally consistent subsetting of UML; High-level hardware modeling and synthesis; Compilation and code synthesis for embedded systems; Visualisation of complex systems; Simulation; verification and testing tools; Execution time analysis for synchronous programs; Industrial experience reports,Modelling / simulation; Programming languages / compiler; Semantics / formal methods; Verification / logic
426,09491,09491,Graph Search Engineering,Model Checking; Artificial Intelligence; AI Planning; State Explosion Problem; Error Detection; Protocol Analysis; Software Verification and Validation; Heuristics; Pattern/Abstraction Databases; I/O Efficient Search; Solid State Disks; GPU,seminar; ai/robotics; ds/alg/compl; semantics/formal; softcomp/evolalg; sweng; verification/logic; interdisciplinary; industry
427,09493,09493,Evolving Critical Systems,software evolution; critical systems,hardware / modelling; simulation / optimization; scheduling / programming languages; compiler / / semantics; formal methods / soft computing; evolutionary algorithms / software engineering / verification; logic / interdisciplinary
428,09501,09501,Software Synthesis,Software Synthesis; Verification; Theorem Proving; Program Analysis; Programming by Demonstration,programming languages / compilers; verification / logic; software synthesis
429,09502,09502,Coalgebraic Logics,Modal logics; coalgebras; bisimulation and behavioral equivalence; relations; Markov transition systems,semantics; formal methods; software engineering
430,09511,09511,Parameterized complexity and approximation algorithms,approximation algorithms; parameterized complexity; fixed-parameter tractability,data structures; algorithms; complexity
431,10011,10011,Pervasive Public Displays,Public Displays; Ubiquitous Computing,Ubiquitous Computing; HCI; Mobile Computing
432,10031,10031,Quantitative Models: Expressiveness and Analysis,quantitative models; quantitative analysis; timed and hybrid systems; probabilistic systems; weighted automata,modelling/simulation; semantics/formal methods; verification/logics
433,10041,10041,Digital Social Networks,web 2.0; digital social networks; human factors; social aspects; standards,networks; society; human-computer interaction; world wide web; internet; interdisciplinary
434,10042,10042,Semantic Challenges in Sensor Networks,sensor networks; sensor data processing; semantic integration; semantic sensor networks,databases / information retrieval; data structures / algorithms / complexity; networks
435,10051,10051,Quantitative and Qualitative Analysis of Network Protocols,network protocols; quantitative verification; graph transformation; process calculi,networks; verification/logic; semantics/formal methods
436,10061,10061,"Circuits, Logic, and Games",computational complexity theory; finite model theory; Boolean circuits; regular languages; finite monoids; Ehrenfeucht-Fraïssé-games,data structures/algorithms/complexity
437,10071,10071,Scheduling,Scheduling; real-time,optimization; scheduling
438,10081,10081,Cognitive Robotics,Cognitive robotics; knowledge representation and reasoning; machine learning; cognitive science; cognitive vision,Artificial Intelligence; Robotics
439,10091,10091,Data Structures,data structures; algorithms; large data sets,data structures; data bases/information retrieval; networks
440,10101,10101,Computational Foundations of Social Choice,Social Choice Theory; Voting; Fair Division; Algorithms; Computational Complexity; Multiagent Systems,Artificial Intelligence; Robotics; Data structures; Algorithms
441,10102,10102,Grand Challenges for Discrete Event Logistics Systems,Logistics Systems; Modeling; Simulation; Coordination; Design of Decision Support Systems,Modeling/Simulation; Information Systems; Decision Support; Coordination/Planning/Scheduling
442,10111,10111,Practical Software Testing: Tool Automation and Human Factors,Software testing; test generation; test automation; test oracles; testing tools; humancomputer interaction; code-based testing; specification-based testing; model-based testing,sw-engineering; society / HCI; verification / logic; semantics / formal methods
443,10121,10121,Computational Transportation Science,Computational Transportation Science,artificial intelligence / robotics; computer graphics; computer vision; data bases / information retrieval; data structures / algorithms / complexity; mobile computing; networks; modelling / simulation; optimization; scheduling
444,10131,10131,Spatial Representation and Reasoning in Language: Ontologies and Logics of Space,language of space; spatial ontologies; reasoning about space and time; mapping language to GIS,artifical intelligence; robotics; data bases; information retrieval; semantics; formal methods; verification; logic; interdisciplinary
445,10141,10141,Distributed Usage Control,data protection; privacy; access control; usage control; security policies; trust; trusted computing; compliance; DRM; information flow,security / cryptology; software engineering; operating systems
446,10151,10151,Enabling Holistic Approaches to Business Process Lifecycle Management,Business process modeling; workflow management; business artifact; version and lifecycle management; recommendation system; HCI for design,data bases; information retrieval; modelling; simulation; semantics; formal methods society; human-computer interaction; software engineering; interdisciplinary
447,10152,10152,"Relationships, Objects, Roles, and Queries in Modern Programming Languages",Relationships; Associations; Roles; Object-Oriented Programming; Querying; UML,Data bases / Information retrieval; Modelling / Simulation; Programming Languages / Compilers; Semantics / Formal Methods; Software Engineering
448,10161,10161,"Decision Procedures in Software, Hardware and Bioware",decision procedures; software; hardware; bioware,seminar; hardware; opt/scheduling; pl/compiler; security/crypto; semantics/formal; verification/logic; bioinformatics; interdisciplinary; industry
449,10171,10171,Equilibrium Computation,algorithmic game theory; equilibrium; economic models,seminar; ds/alg/compl; www; interdisciplinary
450,10181,10181,Program Development for Extreme-Scale Computing,program instrumentation; performance analysis; parallel computing,Modeling/simulation; optimization/scheduling; porgramming languages/compiler; sw-engineering
451,10191,10191,"Program Composition and Optimization: Autotuning, Scheduling, Metaprogramming and Beyond",Software composition; program optimization; components; parallel computing; scheduling; autotuning; adaptivity; performance prediction; library synthesis; meta-programming,optimization / scheduling; programming languages / compiler; software engineering; data structures / algorithms / complexity
452,10201,10201,Event Processing,,inter-disciplinary; including – databases; artificial intelligence; distributed computing; semantics; programming languages; modeling/simulation and software engineering
453,10211,10211,Flexible Network Design,algorithms and complexity; combinatorial optimization; distributed computing; game theory,data structures; algorithms; complexity; mobile computing; networks; optimization; scheduling
454,10231,10231,"Structure Discovery in Biology: Motifs, Networks & Phylogenies",mathematical biology; computational biology; algorithmic bioinformatics; pattern discovery; phylogenetics; networks,
455,10232,10232,The Semantics of Information,Classical and quantum information and computing; quantum physics; computational chemistry; economic game theory; security; topology; category theory; domain theory,
456,10241,10241,Information Visualization,Information Visualization; Data Visualization; Visualization; Human-Computer Interaction; Collaboration; Display Technologies,computer graphics; computer vision; society; human-computer interaction; interdisciplinary
457,10252,10252,Game Semantics and Program Verification,static analysis; automated verification; semantics of programming languages,semantics / formal methods; verification / logic
458,10261,10261,Algorithm Engineering,experimental algorithmics; game theory; parallel and distributed algorithms; multi-core,data bases; information retrieval; data structures; algorithms; complexity; networks; optimization; scheduling
459,10271,10271,Verification over discrete-continuous boundaries,Discrete-continuous analysis; qualitative and quantitative models; analog and mixed-signal circuits; computational biology; quantitative verification; hybrid systems; formal analysis; probabilistic and stochastic systems,hardware; modelling / simulation; semantics / formal methods; verification / logic
460,10281,10281,Dynamically Reconfigurable Architectures,Dynamically Run-Time Reconfigurable Computing Architectures; Self- adaptive Systems; Computational Models; Circuit Technologies; System Architecture; CAD Tool Support; Reconfigurable/Adaptive Computing based on Nanotechnologies,Hardware Architectures; Algorithms; Specification
461,10291,10291,Automation in Digital Preservation,Long-term preservation; automation; workflows; applications; quality assurance,data bases/information retrieval; data structures/algorithms/complexity; modelling/simulation; interdisciplinary; industry
462,10292,10292,Resilience Assessment and Evaluation,Modelling formalisms; algorithms; simulation tools; case studies; benchmarks,Modelling; Simulation; Benchmarking; Performance; Dependability; Security
463,10301,10301,Service Value Networks,Service Science; Service Systems; Value Networks; Service-oriented Computing,Networks; Complexity; Optimization; Software Engineering
464,10302,10302,Learning paradigms in dynamic environments,Recurrent neural networks; dynamic systems; speech processing; neurobiology; neural-symbolic integration; autonomous learning,Artificial intelligence / robotics; soft computing / evolutionary algorithms
465,10341,10341,"Insider Threats: Strategies for Prevention, Mitigation, and Response",Insider Threat; Security Policies; Threat Modelling,Security; Society; Modelling
466,10351,10351,"Modelling, Controlling and Reasoning About State",mutable state; semantics; type systems; program logics,Programming Languages / Compiers; Semantics / Formal Methods; Verification / Logic
467,10361,10361,Theory of Evolutionary Algorithms,evolutionary algorithms; bio-inspired search heuristics; theoretical analysis; optimization time,evolutionary algorithms; search heuristics; artificial intelligence; algorithms; optimization
468,10371,10371,Dynamic Maps,Dynamic maps; spatial data infrastructure; SLAM; map matching; autonomous navigation; spatial cognition; data fusion; information retrieval; intelligent vehicles; 3D scene perception; scene understanding; 3D reconstruction.,ai / robotics; computer graphics / computer vision; data bases / information retrieval; data structures / algorithms / complexity; interdisciplinary
469,10372,10372,User-Centric Networking,User-provided wireless networks; Cooperative networking; Cooperation incentives; Internet architectures; ; Social and mobility modeling; Information-centric operation.,Networks; Mobile computing; Optimization/scheduling
470,10373,10373,Demarcating User eXperience,User experience; Affective interaction; Experiential evaluation; Definition,society / human computer interaction / hci; interdisciplinary
471,10381,10381,Robust Query Processing,robust query processing; adaptive query optimization; query execution,data bases / information retrieval; data structures / algorithms / complexity; optimization / scheduling; interdisciplinary
472,10401,10401,"Learning, Planning and Sharing Robot Knowledge for Human-Robot Interaction",human-robot interaction; robot knowledge representation and sharing; learning; planning,artificial intelligence; robotics; cognition; human-machine interaction
473,10402,10402,Inter-Vehicular Communication,Intelligent transportation systems; Vehicle-to-vehicle communication; Vehicle-to-infrastructure communication; Vehicular ad hoc networks; Traffic information system; Traffic flow optimization; Energy and emission efficiency,mobile computing; networks; security / cryptography
474,10403,10403,"Impact of Human Mobility on Communications: Measurement, Analysis, Modeling, and Simulation",Human Mobility; Vehicular Mobility; Social Interactions; Mobile Networking,mobile computing; modelling/simulation; networks; society
475,10411,10411,Computational Video,computational photography; video-based rendering; 3D video,
476,10412,10412,QSTRLib: A Benchmark Problem Repository for Qualitative Spatial and Temporal Reasoning,Qualitative reasoning; spatial reasoning; temporal reasoning; constraint satisfaction; benchmarking; problem library; problem description language; reasoning systems,artificial intelligence; data structures / algorithms / complexity; semantics / formal methods; logic
477,10421,10421,Model-Based Testing in Practice,Testing; Modeling; Model-Driven Development,modelling / simulation; semantics / formal methods; sw-engineering; verification / logic
478,10431,10431,Software Engineering for Self-Adaptive Systems,Software engineering; self-adaptive systems; self-organizing systems; self-managing systems; autonomic systems; software ecosystems; requirements engineering; software architecture; validation and verification; software deployment; goal management; diagnosis; trade-off analysis; feedback; control loops; reflection; self-adaptive mechanisms; monitoring; software components; continuous evolution,software engineering; modelling / simulation; semantics / formal methods; self-adaptive and self-managing software systems
479,10441,10441,Exact Complexity of NP-hard Problems,Complexity; Algorithms; NP-hard Problems; Exponential Time; SAT; Graphs,data structures / algorithms / complexity
480,10461,10461,"Schematization in Cartography, Visualization, and Computational Geometry",Information visualization; geovisualization; geographic information systems; cartography; graph drawing; VLSI layout; underground mining; cartographic generalization; schematization; building simplification; orthogonal graph drawing; octilinear layout; schematic maps; Steiner trees; minimum Manhattan networks; boundary labeling.,Data structures / algorithms / complexity; Networks
481,10471,10471,Scalable Visual Analytics,Visual Analytics; Visualization; Data Analysis; Discovery Science; Information Visualization,artificial intelligence / robotics; computer graphics / computer vision; data bases / information retrieval; data structures / algorithms / complexity; society / HCI
482,10481,10481,Computational Counting,exact counting; approximate counting; holographic algorithms; computational complexity of counting; algebraic complexity of counting; applications to statistical physics; applications to constraint satisfaction,data structures / algorithms / complexity
483,10482,10482,Formal Methods – Just a Euro-Science?,,
484,10491,10491,"Representation, Analysis and Visualization of Moving Objects",moving objects; spatio-temporal databases; spatio-temporal analysis; movement analysis; spatial data mining; KDD; computational geometry; visual analytics,data bases / information retrieval; data structures / algorithms / complexity; mobile; modelling / simulation; society / human computer interaction; interdisciplinary: Cartography
485,10492,10492,Information-Centric Networking,Future Internet; network architecture; content distribution; information/content-centric networking,networks and network architecture; data bases / information retrieval; data structures / algorithms / complexity; multimedia; mobile computing; information-centric networking
486,10501,10501,Advances and Applications of Automata on Words and Trees,infinite games with perfect information; reactive systems; specification and verification; combinatorics; hierarchies and reducibilities,data structures / algorithms / complexity; verification / logic; automata theory; Ehrenfeucht-Fra¨ýss´e games and Gale-Stewart games
487,11011,11011,Multi-Core Memory Models and Concurrency Theory,Concurrency; Formal Methods; Memory Models; Multi-Core; Multithreading; Program Semantics; Shared Memory,concurrent computation; programming languages / compiler; formal methods / semantics
488,11021,11021,Feature-Oriented Software Development (FOSD),Software product lines; domain engineering; software composition; program synthesis; generative programming; feature modeling; feature-oriented programming; separation of concerns; feature modularity; feature interaction; software specification; software verification,Programming languages; program generation; software engineering
489,11031,11031,"Bidirectional Transformations ""bx""",,
490,11041,11041,Multimodal Music Processing,music information retrieval (MIR); multimodality; content-based retrieval; signal processing; machine learning; user interaction and interfaces; music knowledge representation,information retrieval; multimedia; semantics; music processing
491,11042,11042,Learning from the Past: Implications for the Future Internet and its Management?,Networks; Future Internet; IT management challenges,networks / world wide web; internet
492,11051,11051,Sparse Representations and Efficient Sensing of Data,Efficient signal sensing schemes; sparse signal representations; efficient signal reconstruction algorithms; impact of the methods in neighboring research fields and applications.,data-bases / information retrieval; data structures / algorithms / complexity; efficient sensing of signals; sparse signal representation / reconstruction
493,11061,11061,Online Privacy: Towards Informational Self-Determination on the Internet,Online privacy; data protection; data security; data loss prevention; informational selfdetermination; Web 2.0; (mobile) Internet,Privacy; Security; Society / HCI; Internet / Web 2.0; Mobile Computing
494,11062,11062,Self-Repairing Programs,Program analysis; Automated debugging; Automated fixing; Specification mining; Self-healing systems; Self-adapting systems,programming languages/compiler; sw-engineering; verification/logic
495,11071,11071,Theory and Applications of Graph Searching Problems  (GRASTA 2011),Graph Searching; Pursuit Evasion Games; Cop and Robber Games,AI/ robotics; data bases/ information retrieval; data structures/ algorithms/ complexity; hardware; modelling/simulation; networks; optimization/ scheduling; security/cryptography; verification/logic; WWW/internet; interdisciplinary
496,11081,11081,Combinatorial and Algorithmic Aspects of Sequence Processing,combinatorics on words; stringology; computational biology; natural computing; machine learning,data structures; algorithms; complexity
497,11091,11091,Packing and Scheduling Algorithms for Information and Communication Services,Scheduling; packing; mathematical programming; parameterized complexity; approximation algorithms,data bases / algorithms / complexity; optimization / scheduling
498,11101,11101,Reasoning about Interaction: From Game Theory to Logic and Back,rationality; solution concepts; game theory; computational economics,semantics / formal methods; verification / logic
499,11111,11111,Computational Geometry,computational geometry; data structures; shape analysis; robust algorithms; models of computation,data structures; algorithms; complexity
500,11121,11121,Computational Complexity of Discrete Problems,computational complexity; discrete problems; Turing machines; circuits,data structures / algorithms / complexity
501,11131,11131,Exploration and Curiosity in Robot Learning and Inference,Exploration control; dual control; optimal control; active learning; curiosity; robot learning; exploration,data structures / algorithms / complexity
502,11141,11141,Plan Recognition,Artificial intelligence; plan recognition; intent recognition; activity recognition,
503,11142,11142,Innovations for Shape Analysis: Models and Algorithms,Shape analysis; mathematical morphology; shape reconstruction; numerical computing; level set methods; fast marching methods,Computer vision; Algorithms; Modelling; Numerical computing
504,11151,11151,Formal Methods in Molecular Biology,Formal Modelling; Computational Systems Biology; Petri Nets; Process Algebra; Bioinformatics,modelling; simulation / verification; logic / bioinformatics / interdisciplinary
505,11171,11171,Challenges in Document Mining,Cluster analysis; HCI; retrieval models; social mining and search,Information Extraction / Information Retrieval; Data Mining / Natural Language Processing
506,11172,11172,Artificial Immune Systems,artificial immune systems; bio-inspired search heuristics; modeling; theoretical analysis,artificial immune systems; randomized search heuristics; artificial intelligence; algorithms
507,11181,11181,Organic Computing – Design of Self-Organizing Systems,Organic Computing; Self-Organization; Trustworthy System Design; Adaptivity,artifical intelligence; robotics / data structures; algorithms; complexity / mobile computing / modelling; simulation / networks / semantics; formal methods / soft computing; evolutionary algorithms / software engineering / interdisciplinary
508,11182,11182,Exploiting graph structure to cope with hard problems,Graph classes; width parameters; approximation; parameterized and exact algorithms,data structures; algorithms; complexity; networks
509,11191,11191,Graph Drawing with Algorithm Engineering Methods,Graph Drawing; Algorithm Engineering,data structures / algorithms / complexity; networks; optimization / scheduling
510,11201,11201,Constraint Programming meets Machine Learning and Data Mining,Data mining; machine learning; constraint programming; constraint satisfaction,Artificial Intelligence; Algorithms; Programming Languages
511,11211,11211,Geometric Modeling,geometric interfaces in simulation; design of surfaces (parameterization); reconstruction of geometry; shape optimization; modeling for visualization shape optimization; modeling for visualization,ai / robotics; computer grafics / computer vision; modelling / simulation; interdisciplinary
512,11231,11231,Scientific Visualization,Scientific Visulization and Analysis; Biomedical Visulization; Integrated Multified Visulization; Uncertainty Visulization; Scalable Visulization,Computer Graphics; Computer Vision / Data Structures; Algorithms; Complexity / Multimedia / Society; HC-Interaction
513,11241,11241,Design and Analysis of Randomized and Approximation Algorithms,Randomized Algorithms; Approximation Algorithms; Probabilistically Checkable Proofs; Approximation Hardness; Derandomization Techniques; Optimization Problems; Integration Problems; Decentralized Networks; Internet Algorithms,data structures / algorithms / complexity; modelling / simulation; networks; optimization / scheduling; www / web
514,11261,11261,"Outdoor and Large-Scale Real-World Scene Analysis. 15th Workshop ""Theoretic Foundations of Computer Vision""",Scene Analysis; Image Understanding; Structure-From-Motion; Outdoor scenes; Benchmarking,
515,11271,11271,Computer Science in Sport – Special emphasis: Football,Football; Robocup; Image Understanding; Multi-agent systems; Dynamical Systems Modelling,Interdisciplinary:Sport<br />
516,11272,11272,"Decision Procedures in Soft, Hard and Bio-ware – Follow Up",Decision procedures; Software; Hardware; Bioware,Seminar; Hardware; Opt/scheduling; Pl/compiler; Security/crypto; Semantics/formal; Verification/logic; Bioinformatics; Interdisciplinary; Industry
517,11281,11281,Verifiable Elections and the Public,elections; voting; verifiability; voting protocols; electronic voting; voting machines; encryption methods; anonymous channels; privacy protection; authentication; integrity; digital receipts; coercion resistance; usability; interfaces; implementation issues; cryptanalysis; threat models; formal security analysis; commercial voting systems; public policy; e-democracy; technology and society; legal requirements; legal models; and standardization,Security; information assurance; cryptography; society; interdisciplinary (standarization/legal and social problems/political sciences)
518,11291,11291,Mathematical and Computational Foundations of Learning Theory,learning theory; machine learning; sparsity; high-dimensional geometry; manifold learning; online learning; reinforcement learning,artificial intelligence; algorithms; optimization
519,11321,11321,Information Management in the Cloud,cloud computing; information management; software as a service; platform as a service; map/reduce; grid computing; cluster computing; query processing,databases / information retrieval; data structures / distributed computing / scheduling; autonomic computing / IT-management
520,11331,11331,The Future of Research Communication,science publishing; online communities; science policy; new forms of publishing; bioinformatics; digital repositories; semantic publishing; citation analysis; datapublication; information access and integration; reporting standards,society / HCI; multimedia; data bases / information retrieval; academic publishing
521,11332,11332,Security and Rewriting,Rewriting; Security; Protocols; Formal methods,security / cryptography; semantics / formal methods; verification / logic
522,11341,11341,Learning in the context of very high dimensional data,Curse of dimensionality; dimensionality reduction; regularization; deep learning; visualization,Artificial intelligence; soft computing
523,11351,11351,Computer Science and Problem Solving: New Foundations,problem solving; cognitive psychology; cognitive systems; vision; representations; computational complexity,artificial intelligence; robotics data intelligence; algorithms; complexity society; human-computer interaction; interdisciplinary
524,11361,11361,Data Warehousing: from Occasional OLAP to Real-time Business Intelligence,Databases/information retrieval; data warehousing and OLAP,
525,11371,11371,"Uncertainty modeling and analysis with intervals: Foundations, tools, applications",Uncertainty modeling - Propagation of uncertainty through and validation for computational models using interval arithmetic - Imprecise probabilities; Sensitivity analysis - Applications to structures; mechatronics; bioinformatics and finance,Verification and validation; modeling and simulation
526,11381,11381,Quantum Cryptanalysis,Quantum Computing; Post Quantum Cryptography; Computational Algebra; Cryptographic Protocol Design,Data structures/Algorithms/Complexity; Security / Cryptography
527,11391,11391,Public-Key Cryptography,Encryption; Signatures; Hash Functions; Mathematical Foundations; Quantum Cryptography,Security / Cryptography
528,11401,11401,Forensic Computing,forensic science; cybercrime; computer science and law,security/cryptography; society/HCI
529,11411,11411,Computing with Infinite Data: Topological and Logical Foundations,Exact real number computation; stream computation; infinite computations; computability in analysis; hierarchies; reducibility; topological complexity; dynamical systems; languages of infinite words,Data structures / algorithms / complexity; Semantics / formal methods; Verification / logic; Stream computation; Computability in analysis; Languages of infinite words; Dynamical systems
530,11421,11421,Foundations of distributed data management,XML; query language; distribution; incompleteness,Data management; Distributed Processing; Web; Internet
531,11441,11441,Science and Engineering of Cyber-Physical Systems,Embedded systems; real-time systems; control; composition; system integration; design automation; model-driven development; validation & verification,sw-engineering; embedded systems; real-time systems; control
532,11451,11451,"Data Mining, Networks and Dynamics",Datamining; Network Analysis; Modeling; Dynamical Systems; Optimization; Numerical Methods,data bases / information retrieval
533,11452,11452,Analysis of Dynamic Social and Technological Networks,Complex Networks; Social Networks; Technological Networks; Network Analysis; Network Data Mining,artificial intelligence/robotics; mobile computing; networks; society; HCI; modeling/simulation
534,11461,11461,Coding Theory,Algebraic coding theory; complexity theory; cryptography; graph theory; graph based codes; information theory; randomized algorithms; networking; data distribution,Algorithms and complexity; Networks; Cryptography; Algebraic techniques
535,11471,11471,Efficient Algorithms for Global Optimisation Methods in Computer Vision,Continuous and discrete optimisation methods; variational methods; partial differential equations; primaldual algorithms; hierarchical strategies; multigrid methods; parallel computing; GPU-based implementations,Computer Vision; Modelling; Data Structures / Algorithms; Other Category: Mathematical Foundations; Parallel Computing
536,11481,11481,Models@run.time,Runtime models; Model-driven techniques; MDE; Ongoing adaptation; Adaptive systems,
537,11491,11491,Secure Computing in the Cloud,,
538,11492,11492,Secure Architectures in the Cloud,cloud computing; security architectures; security modelling; cryptology,security / cryptography; modelling / simulation; sw-engineering
539,11501,11501,Visualization and Processing of Tensors and Higher Order Descriptors for Multi-Valued Data,visualization; image processing; tensor fields; diffusion tensor imaging (DT-MRI); high angular resolution diffusion imaging (HARDI); partial differential equations (PDEs); feature extraction; fiber tracking; elastography; structural mechanics; fluid dynamics,computer graphics / computer vision
540,11502,11502,Design of Reversible and Quantum Circuits,reversible logic; quantum computation; computer aided design; hardware and software design; applications,data structures / algorithms / complexity / hardware / programming languages
541,11511,11511,Privacy and Security in Smart Energy Grids,privacy; hardware security; smart meters; security in heterogeneous networks,security/cryptography
542,12011,12011,Foundations for Scripting Languages,Programming languages semantics; type systems; verification techniques; security analyses; scalability; rapid software development,Programming Languages / Compilers; Semantics / Formal Methods; Software Engineering
543,12021,12021,"Computability, Complexity and Randomness",information theory; Kolmogorov complexity; effective randomness; effective ergodic theory; effective probability; computability theory; computational complexity,data structures/algorithms/complexity; information theory
544,12031,12031,Symmetric Cryptography,Authenticity; Integrity; Privacy; Hash Functions; Ciphers; Provable Security; Cryptanalysis,Security; Cryptography
545,12041,12041,Learning in Multiobjective Optimization,Nonlinear multiobjective optimization; multiple criterion decision making; evolutionary multiobjective optimization; MCDM; EMO; hybrid methods; learning; human-computer interaction; multi-criterion optimization,Artificial intelligence; optimization; soft computing; evolutionary algorithms
546,12051,12051,Analysis of Executables: Benefits and Challenges,executable analysis; reverse engineering; malware detection; control ow reconstruction,semantics / formal methods; verification /logic; programming languages / compiler; optimization / scheduling
547,12061,12061,Network Attack Detection and Defense Early Warning Systems – Challenges and Perspectives,Early warning systems; critical infrastructure protection; botnets; intrusion detection; malware assessment; vulnerability analysis; network monitoring; flow analysis; denial-of-service detection and response; event correlation; attack response and countermeasures,Networks / Security
548,12071,12071,Software Clone Management Towards Industrial Application,Software clones; code redundancy; clone detection; redundancy removal; software refactoring; software reengineering; plagiarism detection; copyright infringement; source differencing,Sw-engineering; Distribution Maintenance and Enhancement; Reusable Software; Hardware/Software Protection
549,12081,12081,"Information Visualization, Visual Data Mining and Machine Learning",Information visualization; machine learning; nonlinear dimensionality reduction; exploratory data analysis,information visualization; machine learning; computer graphics; information retrieval; soft computing.
550,12091,12091,Principles of Provenance,provenance; lineage; metadata; trust; repeatability; accountability,databases; foundations; software engineering; security
551,12101,12101,Computation and Incentives in Social Choice,computational social choice; voting; incentives; algorithmic game theory,artifical intelligence; robotics / data structures; algorithms; complexity
552,12111,12111,Normative Multi-Agent Systems,normative systems; mulit-agent systems; artificial intelligence; business compliance,
553,12121,12121,Applications of Combinatorial Topology to Computer Science,Combinatorial topology; Distributed computing; program semantics,Data structures/Algorithms/Complexity; semantics / formal methods
554,12131,12131,Open Models as a Foundation of Future Enterprise Systems,Business Process Modeling; Conceptual Modeling; Domain-Specific Modeling; Enterprise Systems; Information Systems Architectures; Meta Modeling; Method Engineering; Models@run.time; Open Models; Organizational Modeling,Enterprise Modeling; Enterprise Systems
555,12151,12151,Touching the 3rd Dimension,Multi-touch Technology; Stereoscopic Visualization; 3D User Interfaces,computer graphics / computer vision; hardware; society / human-computer interaction
556,12152,12152,Software Synthesis,Software Synthesis; Verification and Model Checking; Theorem Proving; Program Analysis; Programming by Demonstration; Program Derivation; Compiler Optimization,program synthesis: linguistic support for specifications and programmer-tool interaction; algorithmics; applications
557,12171,12171,Semantic Data Management,Semantic data; Semantic Web; Linked Data; large-scale data management; dynamicity and stream processing; provenance and access control; information retrieval and ranking,Semantics/formal methods; Databases/information retrieval
558,12181,12181,Quality of Experience: From User Perception to Instrumental Metrics,Quality of Experience; usability; content; network monitoring; quality measurement; service pricing,Multimedia; Networks; Society/HCI; Internet
559,12182,12182,"Social, Supply-Chain, Administrative, Business, Commerce, Political networks: a multi-discipline perspective",Evolving Networks; Network Society; Network Drivers; Network Cohesion; Network Behavior; Business Process Integration; Ubiquitous Computing; Graph Theory,Social Networks; Supply-Chain Networks; Administrative Networks; Business Networks; Commerce Networks; Political Networks
560,12191,12191,Artificial and Computational Intelligence in Games,Experimental analysis; meta-heuristics; multi-agent systems; dynamical systems; efficient algorithms; entertainment modeling; player satisfaction; game design; serious games; game theory,Artficial intelligence; soft computing / evolutionary algorithms; modelling / simulation; optimization; multimedia; computational intelligence; games; learning; interdisciplinary
561,12212,12212,Co-Design of Systems and Applications for Exascale,Exascale; Co-Design; Scalability; Power Efficiency; Reliability,Hardware; Software Engineering
562,12221,12221,Cognitive Approaches for the Semantic Web,Cognitive methods; semantic web; analogy and similarity-based reasoning; semantic heterogeneity and context; symbol grounding; emerging semantics; commonsense reasoning,Semantics/formal methods; society/HCI; artificial intelligence/robotics
563,12231,12231,Future Internet for eHealth,Future Internet; mobile computing; wireless networking; eHealth; chronic care management,mobile computing; networks; society / human-computer interaction
564,12241,12241,Data Reduction and Problem Kernels,preprocessing; fixed-parameter tractability; parameterized algorithmics,data structures / algorithms / complexity
565,12261,12261,Putting Data on the Map,information visualization; geovisualization; geographic information systems; cartography; human-computer interaction; graph drawing; cartographic generalization; schematic maps; graph theory; computational geometry,Data structures / algorithms / complexity; Networks; Computer graphics / computer vision; Interdisciplinary
566,12271,12271,AI meets Formal Software Development,Learning of proof processes and strategies; Theory Development; Formal Software Development; Automated reasoning; Formal modelling; Industrial use of formal methods,Artificial intelligence/robotics; Semantics/formal methods; Verification/logic
567,12272,12272,Architecture-Driven Semantic Analysis of Embedded Systems,architectural modeling; virtual integration; model-based engineering; modeling semantics,modelling / simulation; semantics / formal methods; software engineering
568,12281,12281,Security and Dependability for Federated Cloud Platforms,Security; Cloud computing; Virtual systems; Dependability; Grid computing; Systems management,operating systems; security; cryptology; world wide web; internet
569,12282,12282,Database Workload Management,workload management; reliability; application availability,databases / information retrieval; data structures / algorithms / complexity; optimization / scheduling; autonomic computing; workload management
570,12291,12291,"Structure Discovery in Biology: Motifs, Networks and Phylogenies",mathematical biology; computational biology; algorithmic bioinformatics; pattern discovery networks; phylogenetics; stringology,bioinformatics; data bases / information retrieval; data structures / algorithms / complexity
571,12321,12321,Robust Query Processing,robust query processing; adaptive query optimization; query execution; indexing; workload management; reliability; application availability,databases / information retrieval; data structures / algorithms / complexity; optimization / scheduling; autonomic computing
572,12331,12331,Mobility Data Mining and Privacy,spatio-temporal databases; mobility data mining; privacy-preserving mining; data visualization,databases / information retrieval; security / cryptography; computer graphics / computer vision; society / HCI
573,12341,12341,Verifying Reliability,Reliability; fault modeling; formal methods,Hardware; verification/logic; modeling/simulation
574,12342,12342,Engineering Multi-Agent Systems,agent-oriented programming; multi-agent systems; software methodologies for distributed systems; programming distributed systems; empirical evaluation,artificial intelligence / robotics; programming languages / compiler; software engineering
575,12352,12352,Information Flow and Its Applications,Information flow; quantum computing; quantum information; systems biology; game theory; category theory; domain theory,modelling / simulation; security / cryptology; semantics / formal methods
576,12361,12361,Information-centric networking -- Ready for the real world?,information-centric; network architecture; application structure; Internet business models,networks; world wide web / internet
577,12362,12362,The Multilingual Semantic Web,Multilingualism; Semantic Web; Linked Data; Natural Language Processing,artificial intelligence / robotics; data bases / information retrieval; semantics / formal methods
578,12363,12363,Software Defined Networking,software defined networking; routing; data centers,hardware; modelling / simulation; networks
579,12371,12371,Machine Learning Methods for Computer Security,Adversarial Learning; Computer Security; Robust Statistical Learning; Online Learning with Experts; Game Theory; Learning Theory,Artificial Intelligence / Robotics; Security / Cryptography
580,12372,12372,Biological Data Visualization,Information Visualization; Data Visualization; Biology; Bioinformatics; User Interfaces; Visual Analytics,Visualization; Biology; Computer Graphics/Computer Vision
581,12381,12381,Privacy-Oriented Cryptography,Applied Cryptography; Cryptographic Protocols; Privacy-Oriented Cryptography; User Privacy; Data Privacy; Privacy Models,security / cryptography
582,12382,12382,Computation and Palaeography: Potentials and Limits,Palaeography; Digital Palaeography; Cultural Heritage; Computation; interdisciplinary studies,computer graphics / computer vision; data bases / information retrieval; society / human-computer interaction
583,12391,12391,Algorithms and Complexity for Continuous Problems,Biomedical learning problems; Random media; Computational finance; Noisy data; Tractability; Quantum computation; Computational stochastic processes; High-dimensional problems,Data Structures/Algorithms/Complexity
584,12401,12401,Web Application Security,application security; secure interaction; information flow; secure composition; web 2.0,programming languages / compiler; security / cryptology; world wide web / internet
585,12411,12411,Coalgebraic Logics,Modal logics; coalgebras; bisimulation and behavioral equivalence; relations; Markov transition systems,semantcis/formal methods; verification/logic
586,12421,12421,Algebraic and Combinatorial Methods in Computational Complexity,computational complexity; algebra; combinatoric; (de-)randomization,data structures; algorithm; complexity; security; cryptology
587,12431,12431,"Time-of-Flight Imaging: Algorithms, Sensors and Applications",Time-of-Flight sensors; computer vision; computer graphics; robotics; medical imaging; 3D technology,computer graphics / computer vision; artificial intelligence / robotics
588,12441,12441,Foundations and Challenges of Change and Evolution in Ontologies,artificial intelligence; belief change; ontologies; description logics,Artificial intelligence; Data bases / Information Retrieval; Verification / Logic
589,12442,12442,Requirements Management – Novel Perspectives and Challenges,requirements; evolution; multi-model; knowledge evolution,mobile computing; SW-Engineering; WWW; internet
590,12451,12451,The Constraint Satisfaction Problem: Complexity and Approximability,constraint satisfaction problem (CSP); computational complexity; CSP dichotomy conjecture; hardness of approximation; unique games conjecture; descriptive complexity; universal algebra; logic; decomposition methods,data structures / algorithms / complexity
591,12452,12452,Publication Culture in Computing Research,publication; conference; culture; bibliometrics,society
592,12461,12461,Games and Decisions for Rigorous Systems Engineering,Systems Engineering; Software Verification; Reactive Synthesis; Automated Deduction,semantics / formal methods; software engineering; verification / logic
593,12462,12462,Symbolic Methods for Chemical Reaction Networks,Symbolic computation; chemical reaction network theory; stoichiometric network analysis; qualitative analysis; regulatory interactions,bioinformatics; modelling / simulation; verification / logic
594,12471,12471,SAT Interactions,satisfiability problem; computational complexity; P-NP question; proof complexity; phase transition; combinatorics; SAT-solvers; quantified Boolean formulas,data structures / algorithms / complexity / random structures / combinatorics
595,12472,12472,Is the Future of Preservation Cloudy?,Long-term preservation; cloud storage; provenance; obsolescence; data access; storage systems,data bases / information retrieval; society / human-computer interaction
596,12481,12481,Quantitative Security Analysis,Security; privacy; information theory; programming languages; formal methods,Security/cryptography; programming languages; formal methods; verification/logic
597,12482,12482,Analysis of Security APIs,security APIs; key management; software verification; privacy; security protocols; assurance,security / cryptography
598,12491,12491,Interpreting Observed Action,action; knowledge representation; plan recognition; symbol grounding; perception; behavior interpretation,artificial intelligence / robotics; society / HCI
599,12492,12492,Human Activity Recognition in Smart Environments,Context Awareness; Activity Recognition; Pattern Analysis; Sensor Networks; wearable computing; Computer Vision,Ubiquitous Computing; Mobile Computing; Artificial Intelligence; HCI
600,12501,12501,Organizational Processes for Supporting Sustainable Security,Insider Threat; Security Policies; Threat Modelling,Modelling/Simulation; Security/Cryptology; Society/HCI
601,12502,12502,Securing Critical Infrastructures from Targeted Attacks,Critical Infrastructures; Industrial Control Systems; SCADA; Security; Targeted Attacks,security / cryptology
602,12511,12511,Divide and Conquer: the Quest for Compositional Design and Analysis,Compositionality; Modeling; Verification; Synthesis; Components; Interface; Service-Oriented Architectures; Software Product Lines,semantics / formal methods; software engineering; verification / logic
603,12512,12512,"Representation, Analysis and Visualization of Moving Objects",Movement analysis; algorithms; visualization; geo-ecology; urban planning,data structures / algorithms / complexity
604,13021,13021,Symbolic Methods in Testing,Automated Deduction; White-box testing; Black-box Testing; Fuzz-Testing; Unit-Testing; Theorem prover-based Testing,Semantics and Formal Methods; Verification and Validation; Static Program and System Analysis
605,13022,13022,"Engineering Resilient Systems: Models, Methods and Tools",Resilience; Dependability; Software engineering; Model-driven engineering; Formal methods; Verification; Fault tolerance; Requirements engineering,semantics / formal methods; software engineering; verification / logic
606,13031,13031,Computational Counting,exact counting; approximate counting; holographic algorithms; computational complexity of counting; algebraic complexity of counting; applications to constraint satisfaction; graph polynomials,data structures / algorithms / complexity
607,13041,13041,Civilian Crisis Response Models,Crisis Response; Humanitarian Aid,modelling / simulation; society / human-computer interaction
608,13042,13042,Epidemic Algorithms and Processes: From Theory to Applications,Epidemic algorithms; gossip-based algorithms; rumor spreading; distributed computing; randomized algorithms; wireless sensor networks,data structures / algorithms / complexity; networks
609,13051,13051,Software Certification: Methods and Tools,dependable systems; safety; security; certification; formal methods; quality assurance; verification; tools,dependable systems; formal methods
610,13052,13052,Multicore Enablement for Embedded and Cyber Physical Systems,multicore hardware software platforms embedded systems security real-time safety cyber physical systems,hardware; modelling / simulation; security / cryptology
611,13061,13061,"Fault Prediction, Localization, and Repair",Program analysis; Automated debugging; Fault prediction; Fault repair; Fault localization; Statistical debugging; Change impact analysis,Programming languages/compiler; Sw-engineering; Verification/logic
612,13062,13062,Decentralized Systems for Privacy Preservation,privacy; distributed systems; social networks,networks; security / cryptology; society / human-computer interaction
613,13071,13071,Dependence Logic: Theory and Applications,dependence logic; mathematical logic; computational complexity; finite model theory; game theory,data structures / algorithms / complexity; verification / logic
614,13072,13072,Mechanisms of Ongoing Development in Cognitive Robotics,Developmental Robotics; Developmental Psychology; Sensorimotor Development,artificial intelligence / robotics; computer graphics / computer vision; modelling / simulation
615,13081,13081,Consistency In Distributed Systems,Distributed Computing; Weak and Strong Consistency; Replication; Partitioning; Transactions,data bases / information retrieval; programming languages / compiler; semantics / formal methods
616,13082,13082,"Communication Complexity, Linear Optimization, and lower bounds for the nonnegative rank of matrices",Communication Compleixty; Linear & Combinatorial Optimization; Matrix Theory,data structures / algorithms / complexity; optimization / scheduling
617,13091,13091,"Analysis, Test and Verification in The Presence of Variability",Verification; Program Analysis; Testing; Semantics of Programming Languages; Software Engineering,programming languages / compiler; semantics / formal methods; software engineering
618,13101,13101,Computational Geometry,geometry; algorithms; computational topology; robotics; CAD,data structures / algorithms / complexity
619,13111,13111,Scheduling,Scheduling; Stochastic Optimization,Optimization / Scheduling
620,13121,13121,"Bidimensional Structures: Algorithms, Combinatorics and Logic",Algorithms; Graph Minors; Treewidth; Grids,data structures; algorithms; complexity / verification; logic
621,13131,13131,Future Internet,Future Internet; Clean-slate Design; Virtual Networks,networks; world wide web / internet
622,13141,13141,Formal Verification of Distributed Algorithms,Distributed algorithms; semi-automated proofs; model checking,networks; semantics / formal methods; verification / logic
623,13142,13142,Correct and Efficient Accelerator Programming,Intermediate languages; multi-core programming; polyhedral compilation; portability; formal verification; correctness; efficiency,hardware; programming languages / compiler; semantics / formal methods
624,13151,13151,Drawing Graphs and Maps with Curves,graph drawing; computational geometry; information visualization; geovisualization; cartography; human-computer interaction; cognition; schematic maps; graph theory; geographic information systems,computer graphics / computer vision; data structures / algorithms / complexity; society / human-computer interaction
625,13161,13161,"Interface of Computation, Game Theory, and Economics",Algorithmic Game Theory; Economics; Internet; Nash Equilibria; Mechanism Design; Auctions,data structures / algorithms / complexity; world wide web / internet
626,13162,13162,Pointer Analysis,Pointer analysis; points-to analysis; Static analysis; Optimization; Verification; Bug finding; Development tools,programming languages / compiler; software engineering; verification / logic
627,13171,13171,Customizing Service Platforms,Service-Oriented Architectures; Service Platforms; Cloud Computing; Product Line Engineering; Variability Management,software engineering
628,13181,13181,VaToMAS – Verification and Testing of Multi-Agent Systems,Model checking; specification-based testing; multi-agent systems; controller synthesis; temporal logic,artificial intelligence / robotics; semantics / formal methods; verification / logic
629,13182,13182,Meta-Modeling Model-Based Engineering Tools,Model-Based Engineering; Meta-modelling; Software Tools; Software Standards; Quality.,modelling / simulation; software engineering
630,13192,13192,Tree Transducers and Formal Methods,formal methods; tree transducers,programming languages / compiler; semantics / formal methods; verification / logic
631,13201,13201,Information Visualization – Towards Multivariate Network Visualization,Information Visualization; Data Visualization; Visualization; Graph Drawing; Visual Network Analysis; Biology; Bioinformatics; Social Sciences; Software Engineering,Visualization; Computer Graphics / Computer Vision; Society / HCI
632,13211,13211,Automated Reasoning on Conceptual Schemas,Automated Reasoning; Conceptual Schema of an Information System; Validation; Verification,software engineering; verification / logic
633,13212,13212,Computational Methods Aiding Early-Stage Drug Design,bioinformatics; chemoinformatics; machine learning; statistics; interdisciplinary applications,bioinformatics
634,13231,13231,Belief Change and Argumentation in Multi-Agent Scenarios,argumentation; belief revision; multiagent systems,artificial intelligence / robotics; semantics / formal methods; verification / logic
635,13232,13232,Indexes and Computation over Compressed Structured Data,compression; indexing; algorithms,data bases / information retrieval; data structures / algorithms / complexity
636,13241,13241,Virtual Realities,Virtual; Augmented and Mixed Reality; Presence; Telepresence and Tele-existence; Avatars; Human Motion; 3D user interfaces,Computer Graphics/Computer Vision; Multimedia; Society/HCI
637,13251,13251,Parallel Data Analysis,Parallel machine learning; parallel data processing; data mining; software frameworks; storage and database systems,artificial intelligence / robotics; data bases / information retrieval; data structures / algorithms / complexity
638,13252,13252,Interoperation in Complex Information Ecosystems,Information integration; system interoperation; complex information ecosystems; Dataspaces; Linked Data; Semantic Web; sensor networks; restful design; Web architecture.,data bases / information retrieval; semantics / formal methods; world wide web / internet
639,13271,13271,Theory of Evolutionary Algorithms,Evolutionary algorithms; bio-inspired search heuristics; theoretical analysis; complexity analysis,Evolutionary algorithms; optimization; search heuristics; algorithms
640,13272,13272,Computer Science in High Performance Sport – Applications and Implications for Professional Coaching,sport science; match analysis; performance analysis and optimization; computer-supported training; positional tracking and 3D motion reconstruction; real-time performance feedback; computer sport games,modelling / simulation; society / human-computer interaction; soft computing / evolutionary algorithms
641,13311,13311,Duality in Computer Science,Stone-Priestley duality; point free topology; infinite computations; exact real number computation; computability in analysis; hierarchies; reducibility; topological complexity; domain theory; semantics; recognizability; profinite topology,data structures / algorithms / complexity; semantics / formal methods; verification / logic
642,13312,13312,"""My Life, Shared"" – Trust and Privacy in the Age of Ubiquitous Experience Sharing",Privacy; data loss prevention; informational self-determination; Web 2.0; mobile Internet,security / cryptology; society / human-computer interaction; world wide web / internet
643,13321,13321,Reinforcement Learning,Artificial Intelligence; Machine Learning; Markov Decision Processes; Planning,artificial intelligence / robotics
644,13322,13322,The Critical Internet Infrastructure,Internet; Backbone; Internet Services; Critical Infrastructure,modelling / simulation; networks; security / cryptology
645,13331,13331,Exponential Algorithms: Algorithms and Complexity Beyond Polynomial Time,Exponential time; exact algorithms; satisfiability; parameterized computation,data structures / algorithms / complexity
646,13341,13341,Verifiably Secure Process-Aware Information Systems,Model-based Abstraction Techniques; Process-aware Information Systems; Evolutionary Process Models; Process Mining; Security; Audit and Control; Policy Management and Enforcement; Formalization of Policies; Business Rules and Regulation; Verification,data bases / information retrieval; security / cryptology; verification / logic
647,13342,13342,ICT Strategies for Bridging Biology and Precision Medicine,translational medicine; precision medicine; systems medicine; systems biology; genomics; proteomics; transcriptomics; computational biology; algorithmic bioinformatics; pattern discovery; integrative communication architecture; SOA; cloud; grid,bioinformatics; data bases / information retrieval; world wide web / internet
648,13351,13351,Coding Theory,Algebraic coding theory; complexity theory; cryptography; graph theory; graph based codes; information theory; randomized algorithms; networking; data distribution,Algorithms and complexity; Networks; Cryptography; Algebraic techniques
649,13352,13352,Interaction with Information for Visual Reasoning,Visualization; Visual Analytics; Mixed-Initiative Systems; Cognitive Systems,computer graphics / computer vision; modelling / simulation; society / human-computer interaction
650,13361,13361,Crowdsourcing: From Theory to Practice and Long-Term Perspectives,Crowdsourcing; human computation; mobile crowdsourcing; enterprise crowdsourcing,mobile computing; networks; society / human-computer interaction
651,13362,13362,Cloud-based Software Crowdsourcing,Software Engineering; Crowdsourcing; Socio-technical ecosystem; Cloud Computing,modelling / simulation; society / human-computer interaction; software engineering
652,13371,13371,Quantum Cryptanalysis,Quantum Computing; Post Quantum Cryptography; Computational Algebra; Cryptographic Protocol Design,data structures / algorithms / complexity; security / cryptology
653,13372,13372,Integration of Tools for Rigorous Software Construction and Analysis,state-based formal methods (ASM; B; TLA+); tools (model checking; theorem proving; animation; simulation; model-based testing; specification and design),modelling / simulation; semantics / formal methods; verification / logic
654,13381,13381,Algorithms and Scheduling Techniques for Exascale Systems,High performance computing; heterogeneous large-scale platforms; highly parallel algorithms; fault tolerance; energy efficiency,optimization / scheduling
655,13382,13382,Collaboration and learning through live coding,Live coding; software engineering; agile development; creativity; learning and teaching,multimedia; society / human-computer interaction; software engineering
656,13391,13391,Algorithm Engineering,experimental algorithmics; parallel and distributed computing; web search; social networks,data bases / information retrieval; data structures / algorithms / complexity; world wide web / internet
657,13392,13392,Inter-Vehicular Communication – Quo Vadis,Intelligent transportation systems; Vehicle-to-vehicle communication; Vehicle-to-infrastructure communication; Vehicular ad hoc networks; Traffic information system; Traffic flow optimization; Energy and emission efficiency,mobile computing; networks
658,13401,13401,Automatic Application Tuning for HPC Architectures,Parallel Computing; Programming Tools; Performance Anaylsis and Tuning,optimization / scheduling; software engineering
659,13402,13402,Physical-Cyber-Social Computing,Semantic sensor networks; Web of Things; Internet of Things; semantic interoperability and context; social computing; collective intelligence; situation-awareness; human and machine perception; computing for human experience; social life networks; da,hardware; semantics / formal methods; society / human-computer interaction
660,13411,13411,Deduction and Arithmetic,Automated Deduction; Program Verification; Arithmetic Constraint Solving,Artificial Intelligence; Semantics / Formal Methods; Verification / Logic
661,13412,13412,Genomic Privacy,genomics; genetics; health data; privacy protection; differential privacy; privacy by design; information security; cryptography; secure computation,security / cryptology
662,13421,13421,Algorithms for Optimization Problems in Planar Graphs,algorithms; combinatorial optimization; planar graphs; graphs; approximation algorithms; fixed-parameter tractability,data structures / algorithms / complexity
663,13422,13422,Nominal Computation Theory,nominal sets; automata theory; HD-automata; orbit-finiteness,programming languages / compiler; semantics / formal methods; verification / logic
664,13431,13431,Real-World Visual Computing,Appearance-based modeling; Computational Photography; Image-based modeling and rendering; Geometry processing; Motion capture,computer graphics / computer vision
665,13441,13441,Evaluation Methodologies in Information Retrieval,Evaluation design; evaluation analysis; test collections; lab experiments; living labs,data bases / information retrieval
666,13451,13451,Computational Audio Analysis,Audio Analysis; Signal Processing; Machine Learning; Sound; Speech; Music; Affective Computing,multimedia; society / human-computer interaction
667,13452,13452,Proxemics in Human-Computer Interaction,interaction techniques; proxemics; interactive surfaces; smart spaces; ubiquitous computing; embodied interaction; tangible and social computing; mobile computing,mobile computing; multimedia; society / human-computer interaction
668,13461,13461,Electronic Markets and Auctions,Algorithmic game theory; mechanism design; economics; electronic markets,data structures / algorithms / complexity
669,13462,13462,Computational Models of Language Meaning in Context,compositionality; distributional semantics; statistical inference; logical inference,artificial intelligence / robotics; semantics / formal methods; soft computing / evolutionary algorithms
670,13471,13471,Synchronous Programming,synchronous and asynchronous languages; model-based design; discrete and hybrid systems; compilation and code synthesis for embedded systems; execution time analysis; safety-critical real-time systems,modelling / simulation; programming languages / compiler; semantics / formal methods
671,13472,13472,Global Measurement Framework,Internet measurements; quality of experience; network management; traffic engineering,modelling / simulation; networks; world wide web / internet
672,13481,13481,Unleashing Operational Process Mining,Business process intelligence; Business activity monitoring; Conformance checking; Process discovery (excerpt!),data bases / information retrieval; modelling / simulation
673,13482,13482,Forensic Computing,forensic science; cybercrime; computer science and law,security / cryptology; society / human-computer interaction
674,13491,13491,Computational Mass Spectrometry,Computational Mass Spectrometry; Proteomics; Metabolomics; Bioinformatics; Statistics,bioinformatics; data bases / information retrieval; data structures / algorithms / complexity
675,13492,13492,Geosensor Networks: Bridging Algorithms and Applications,geosensor networks; spatial information science; spatial computing; geoinformatics; intelligent transportation systems; environmental monitoring; emergency management and response,data structures / algorithms / complexity; modelling / simulation; society / human-computer interaction
676,13502,13502,Approaches and Applications of Inductive Programming,inductive program synthesis; end-user programming; universal artificial intelligence; constraint programming; probabilistic programming; cognitive modeling,artificial intelligence / robotics; programming languages / compiler; verification / logic
677,13511,13511,Software Engineering for Self-Adaptive Systems: Assurances,Self-adaptive and self-managing software systems; assurances; validation and verification; model checking; run-time verification; proof carrying code; constraint analysers; self-adaptive systems; self-organizing systems; autonomic systems; ultra-large systems,modelling / simulation; software engineering; verification / logic
678,13512,13512,Social Issues in Computational Transportation Science,Computational transportation science; intelligent transportation systems; social computing,mobile computing; optimization / scheduling; society / human-computer interaction
679,14021,14021,Symmetric Cryptography,Authenticity; Integrity; Privacy; Hash Functions; Block Ciphers; Provable Security; Cryptanalysis,security / cryptology
680,14022,14022,Connecting Performance Analysis and Visualization to Advance Extreme Scale Computing,Large scale data presentation and analysis; Exascale class machine optimization; Performance data analysis and root cause detection; High dimensional data representation,computer graphics / computer vision; hardware; networks
681,14031,14031,Randomized Timed and Hybrid Models for Critical Infrastructures,Critical Infrastructures; Smart Grids; Modeling; Randomized Timed and Hybrid Models; Analysis,modelling / simulation; semantics / formal methods; verification / logic
682,14032,14032,Planning with epistemic goals,Planning; epistemic logic; modal logic,artificial intelligence / robotics; semantics / formal methods; verification / logic
683,14041,14041,"Quantitative Models: Expressiveness, Analysis, and New Applications",quantitative model checking; weighted automata; systems biology; energy grid; smart buildings; multicore platforms,modelling / simulation; semantics / formal methods; verification / logic
684,14042,14042,Do-it-yourself Networking: an Interdisciplinary Approach,Community Wireless Networks; Mobile Networking; Delay-Tolerant Networking; Ad-hoc Networking; Ownership; Hybrid Communities; Urban Planning; Urban Art,mobile computing; networks; society / human-computer interaction
685,14051,14051,Algorithms for Wireless Communication,distributed algorithms; wireless networks; wireless communication models,data structures / algorithms / complexity; mobile computing; networks
686,14052,14052,Ethics in Data Sharing,Ethics; Data Sharing; Data Dissemination; Ethics across borders; Anonymization; Sanitization,security / cryptology; society / human-computer interaction; world wide web / internet
687,14061,14061,Statistical Techniques for Translating to Morphologically Rich Languages,Statistical Machine Translation; Statistical Parsing; Morphology; Structured Prediction Machine Learning; Natural Language Processing,artificial intelligence / robotics
688,14062,14062,The Pacemaker Challenge: Developing Certifiable Medical Devices,Embedded systems; real-time systems; medical devices; model-driven development; software certification; validation & verification; formal methods,modelling / simulation; semantics / formal methods; software engineering
689,14071,14071,Graph Modification Problems,Graph classes; parameterized algorithms; exact exponential time algorithms; graph embedding; graph editing,
690,14072,14072,New Perspectives in Shape Analysis,Shape analysis; mathematical morphology; shape reconstruction; sparsity; machine learning; numerical computing; level set methods; optimization methods,computer graphics / computer vision
691,14081,14081,Robots Learning from Experiences,Learning; experiences; cognitive systems,artificial intelligence / robotics
692,14082,14082,Visualization and Processing of Higher Order Descriptors for Multi-Valued Data,visualization; image processing; tensor fields; diffusion tensor imaging; high angular resolution diffusion imaging (HARDI); data analysis; feature extraction; fiber tracking; structural mechanics; fluid dynamics,bioinformatics; computer graphics / computer vision
693,14091,14091,Data Structures and Advanced Models of Computation on Big Data,Data structures; algorithms; large data sets; external memory methods; big data; streaming; web-scale,data bases / information retrieval; data structures / algorithms / complexity
694,14092,14092,Digital Evidence and Forensic Readiness,Digital evidence; Forensic readiness; Mobile forensic; Trusted computing; Cyber-Law,security / cryptology; society / human-computer interaction
695,14101,14101,Preference Learning,machine learning; preference learning; preference elicitation; ranking; social choice; multiple criteria decision making; decision under risk and uncertainty; user modeling; recommender systems; information retrieval,artificial intelligence / robotics; data bases / information retrieval
696,14111,14111,Combinatorics and Algorithmics of Strings,combinatorics on words; string algorithms; automata,data structures / algorithms / complexity
697,14112,14112,Massive Open Online Courses: Current State and Perspectives,massively open online courses; mooc,multimedia
698,14121,14121,Computational Complexity of Discrete Problems,computational complexity; discrete problems; Turing machines; circuits; pseudorandomness; derandomization; computational learning; communication complexity; query complexity; hardness of approximation,data structures / algorithms / complexity
699,14122,14122,Verification of Cyber-Physical Systems,Real-time; Embedded and Cyber-Physical Systems; Verification; Formal Methods; Control Systems; Hybrid Systems,modelling / simulation; semantics / formal methods; verification / logic
700,14131,14131,Computational Models of Cultural Behavior for Human-Agent Interaction,Intelligent virtual agents; behavior models; agent architectures; social behavior simulation; multimodal corpora; culture,artificial intelligence / robotics; society / human-computer interaction
701,14132,14132,Interaction and Collective Movement Processing,trajectories; movement; data analysis; algorithms; collective motion; spatio-temporal data,bioinformatics; data structures / algorithms / complexity; modelling / simulation
702,14141,14141,Reachability Problems for Infinite-State Systems,reachability problems; verification; infinite-state systems,semantics / formal methods; verification / logic
703,14142,14142,Spatial reference in the Semantic Web and in Robotics,Spatial reference systems; Semantic Web; Robotics; Embodiment; Spatial cognition,artificial intelligence / robotics; semantics / formal methods; society / human-computer interaction
704,14171,14171,Evaluating Software Verification Systems: Benchmarks and Competitions,Formal Verification; Model Checking; Deductive Verification; Competitions and Benchmarks,semantics / formal methods; verification / logic
705,14172,14172,Unifying Product and Software Configuration,Configuration; Knowledge Representation; Modelling; Constraint Solving; Automated Reasoning,artificial intelligence / robotics; semantics / formal methods; software engineering
706,14181,14181,Multi-agent systems and their role in future energy grids,distributed artificial intelligence; smart grids; future energy networks; multi-agent systems; multi-agent based simulations,artificial intelligence / robotics; modelling / simulation
707,14182,14182,Categorical Methods at the Crossroads,Quantum computing; mathematical physics; concurrent systems; programming languages; semantics; graph rewriting; logics; (co)algebraic specifications; economics; epistemic game theory; automata theory,security / cryptology; semantics / formal methods; verification / logic
708,14201,14201,"Horn formulas, directed hypergraphs, lattices and closure systems: related formalisms and applications",Horn formulas; hypergraphs; closures; lattices; dependencies; formal concepts,artificial intelligence / robotics; data structures / algorithms / complexity; verification / logic
709,14202,14202,JA4AI – Judgment Aggregation for Artificial Intelligence,Judgment aggregation; collective decision-making; belief merging; multi-agent systems; logic,artificial intelligence / robotics; semantics / formal methods; verification / logic
710,14211,14211,The Future of Refactoring,refactoring; program analysis; program transformation; software evolution; reengineering; software restructuring; code smells,programming languages / compiler; software engineering
711,14221,14221,Geometric Modeling,geometric modeling; shape design; geometry; computer graphics; geometry processing; isogeometric analysis; 3D content generation; design optimization.,computer graphics / computer vision; modelling / simulation
712,14231,14231,Scientific Visualization,scientific visualization; uncertainty; environmental visualization; multi-field visualization,computer graphics / computer vision; modelling / simulation; society / human-computer interaction
713,14232,14232,Design and Synthesis from Components,Component design; component-based synthesis,semantics / formal methods; software engineering; verification / logic
714,14241,14241,"Challenges in Analysing Executables: Scalability, Self-Modifying Code and Synergy",executable analysis; reverse engineering; self-modifying code; malware analysis,programming languages / compiler; semantics / formal methods; verification / logic
715,14261,14261,Software Development Analytics,Software development; Data-driven decision making; Analytics; Empirical software engineering; Mining software repositories; Business intelligence; Predictive analytics,software engineering
716,14271,14271,Scripting Languages and Frameworks: Analysis and Verification,Semantics; type systems; verification techniques; security analyses; scalability; rapid prototyping,programming languages / compiler; semantics / formal methods; verification / logic
717,14272,14272,Exploring Interdisciplinary Grand Challenges in ICT Design to Support Proactive Health and Wellbeing,human performance; qol; quality of life; information technology; hci,mobile computing; society / human-computer interaction; world wide web / internet
718,14281,14281,Feature Interactions: The Next Generation,Feature interactions; feature-interaction problem; feature orientation; product lines; modularity; composition,modelling / simulation; semantics / formal methods; software engineering
719,14282,14282,Crowdsourcing and the Semantic Web,Crowdsourcing; human computation; games with a purpose; Semantic Web; Linked Data; quality assurance; crowd management; workflow management; interfaces; gamification; incentives,artificial intelligence / robotics; semantics / formal methods; society / human-computer interaction
720,14291,14291,Information-Centric Networking 3,Information-centric; network architecture; scalability; deployment,data bases / information retrieval; networks; world wide web / internet
721,14292,14292,Network Attack Detection and Defense: Securing Industrial Control Systems for Critical Infrastructures,Security; Intrusion Detection; Critical Infrastructures; Industrial Control Systems; SCADA; Vulnerability Analysis; Malware Assessment; Attack Response and Countermeasures,networks; security / cryptology
722,14301,14301,Computational Humanities – bridging the gap between Computer Science and Digital Humanities,Computational Humanities; Digital Humanities; Algorithmic Foundations of Computational Humanities,data bases / information retrieval; multimedia; society / human-computer interaction
723,14302,14302,Digital Palaeography: New Machines and Old Texts,Palaeography; Digital Palaeography; Cultural Heritage; Computation; Interdisciplinary Studies,computer graphics / computer vision; data bases / information retrieval; society / human-computer interaction
724,14331,14331,Querying and Reasoning Under Expressive Constraints,Constraints; Ontologies; Queries; Reasoning; Decidability; Information Integration,artificial intelligence / robotics; data bases / information retrieval; verification / logic
725,14332,14332,Formal Methods for Coordinating Multi-Agent Systems,Strategic logic; game theory; social laws; normative systems; argumentation theory; multi-agent systems,semantics / formal methods; verification / logic
726,14341,14341,Resource-bounded Problem Solving,complexity theory; problem solving; cognitive psychology; computational trade-offs,artificial intelligence / robotics; data structures / algorithms / complexity; society / human-computer interaction
727,14342,14342,Equilibrium Computation,Algorithms; Computational Complexity; Equilibrium Computation; Game Theory; Market Equilibrium; Nash Equilibrium,data structures / algorithms / complexity
728,14351,14351,Decision Procedures and Abstract Interpretation,program analysis; abstract interpretation; abstract domain; fixed-point finding; satisfiability checking; satisfiability modulo theories; decision procedures,programming languages / compiler; verification / logic
729,14352,14352,Next Generation Static Software Analysis Tools,Software quality; bug finding; verification; decision procedures; SMT/SAT solvers,semantics / formal methods; software engineering; verification / logic
730,14361,14361,Computational Aspects of Fabrication,Fabrication; Manufacturing Process Characterization (additive; machining); 3d printing; Layered Manufacturing; 3d Rasterization; Geometric Modeling; Shape Perception; Material Properties (mechanical/optical),computer graphics / computer vision
731,14362,14362,Augmenting Human Memory – Capture and Recall in the Era of Lifelogging,Augmented Human; Memory; Pervasive Computing; HCI; Privacy,data bases / information retrieval; mobile computing; society / human-computer interaction
732,14371,14371,"Adjoint Methods in Computational Science, Engineering, and Finance",continuous adjoints; discrete adjoints; high-performance scientific computing; algorithmic differentiation,modelling / simulation
733,14372,14372,Analysis of Algorithms Beyond the Worst Case,analysis of algorithms; probabilistic analysis; smoothed analysis; clustering; realistic input models; robustness,data structures / algorithms / complexity; optimization / scheduling
734,14381,14381,Neural-Symbolic Learning and Reasoning,Cognitive agents; cognitive robotics; visual intelligence; multimodal learning; emergence; symbol grounding; complex networks; practical reasoning; commonsense reasoning; action description.,artificial intelligence / robotics; computer graphics / computer vision
735,14391,14391,Algebra in Computational Complexity,Computational Complexity; Algebra; Circuits; Lower Bounds; Coding Theory,data structures / algorithms / complexity
736,14401,14401,Privacy and Security in an Age of Surveillance,big data; cryptography; mass surveillance; privacy; security; Snowden; surveillance,data bases / information retrieval; security / cryptology; society / human-computer interaction
737,14402,14402,Resilience in Exascale Computing,Exascale computing; resilience; fault tolerance; manycore computers; operating systems; micro kernels; work-load balancing; checkpointing,operating systems
738,14411,14411,"Constraints, Optimization and Data",constrained optimization; constraint programming; machine learning; data mining; big data,artificial intelligence / robotics; data structures / algorithms / complexity; optimization / scheduling
739,14412,14412,Globalizing Domain-Specific Languages,Modelling; Domain Specific Language; Software,modelling / simulation; software engineering
740,14421,14421,Optimal algorithms and proofs,computational complexity; proof complexity; computational learning; approximation algorithms; optimal algorithms; optimal proof systems,data structures / algorithms / complexity
741,14441,14441,"Modeling, Verification, and Control of Complex Systems for Energy Networks",Analysis / control / verification of complex stochastic systems; formal synthesis; reliability engineering and assessment; energy networks,modelling / simulation; optimization / scheduling; semantics / formal methods
742,14442,14442,Symbolic Execution and Constraint Solving,Symbolic Execution; Software Testing; Automated Program Analysis; Constraint Solvers,semantics / formal methods; software engineering; verification / logic
743,14451,14451,Optimality and tight results in parameterized complexity,parameterized complexity; fixed-parameter tractability; NP-hardness; tight lower bounds,data structures / algorithms / complexity
744,14452,14452,Algorithmic Cheminformatics,Graph Transformation Systems; Graph and Hypergraph Invariants; Graph Comparison; Network Flows; Hypergraphs; Formal Languages; Algebraic Chemistry,data structures / algorithms / complexity; modelling / simulation; networks
745,14461,14461,High-performance Graph Algorithms and Applications in Computational Science,(Hyper)Graph and network algorithms; high-performance computing; massive network analytics; parallel algorithmic machine models; graph-based computational applications,data bases / information retrieval; data structures / algorithms / complexity; networks
746,14462,14462,Systems and Algorithms for Large-scale Graph Analytics,Large-scale graph processing; Graph structured data; Graph algorithms; Graph traversal; Machine Learning; Databases; Computer systems; Computer architecture; Parallel I/O; Parallel programming; Storage,data structures / algorithms / complexity; optimization / scheduling; software engineering
747,14471,14471,Towards an Affordable Internet Access for Everyone: The Quest for Enabling Universal Service Commitment,Information Society; Information Access; Internet; Inclusion,networks; society / human-computer interaction; world wide web / internet
748,14481,14481,Multiscale Spatial Computational Systems Biology,multiscale; spatial; modelling; simulation; analysis; systems biology,bioinformatics; modelling / simulation; semantics / formal methods
749,14482,14482,Automated Planning and Model Checking,Model Checking; Automated Planning; State Explosion Problem; Heuristic Search; Symbolic Search; Motion Planning,artificial intelligence / robotics; verification / logic
750,14491,14491,Socio-Technical Security Metrics,Security risk management; security metrics; socio-technical security; social engineering; multi-step attacks; return on security investment,modelling / simulation; security / cryptology; society / human-computer interaction
751,14492,14492,The synergy between programming languages and cryptography,Secure multiparty computation; Authenticated data structures; Privacy-preserving computation; Garbled circuits; Optimization; Zero-knowledge proofs; Mechanized verification; Program analysis; Compilation; Domain-specific languages,programming languages / compiler; security / cryptology; semantics / formal methods
752,14511,14511,Programming Languages for Big Data (PlanBig),high-performance computing; data-intensive research; language-integrated query; language-based security,data bases / information retrieval; programming languages / compiler; security / cryptology
753,14512,14512,Collective Adaptive Systems: Qualitative and Quantitative Modelling and Analysis,Qualitative and quantitative reasoning; autonomic and adaptive systems; swarm computing; self-awareness; formal methods,modelling / simulation; semantics / formal methods
754,15021,15021,Concurrent Computing in the Many-core Era,Multi-/many-core processors; Concurrent Programming; Synchronization; Transactional Memory; Programming Languages; Compilation,data structures / algorithms / complexity; hardware; programming languages / compiler
755,15022,15022,Quality of Experience: From Assessment to Application,Quality of Experience; usability; user experience; content; network monitoring; quality measurement; service pricing; network management; application management,multimedia; networks; society / human-computer interaction
756,15031,15031,Understanding Complexity in Multiobjective Optimization,multi-criteria optimization; multiple criterion decision making; evolutionary multiobjective optimization; MCDM; EMO; hybrid methods; complexity,modelling / simulation; optimization / scheduling; soft computing / evolutionary algorithms
757,15041,15041,Model-driven Algorithms and Architectures for Self-Aware Computing Systems,autonomic systems; self-adaptive; self-managing; model-driven; architecture-based; systems management; machine learning; feedback-based design,artificial intelligence / robotics; modelling / simulation; software engineering
758,15042,15042,Coalgebraic Semantics of Reflexive Economics,programming language semantics; coalgebra; category theory; economics; epistemic game theory,semantics / formal methods
759,15051,15051,Artificial and Computational Intelligence in Games: Integration,Experimental analysis; meta-heuristics; multi-agent systems; dynamical systems; efficient algorithms; entertainment modeling; player satisfaction; game design; serious games; game theory,artificial intelligence / robotics; multimedia; soft computing / evolutionary algorithms
760,15052,15052,Empirical Evaluation for Graph Drawing,graph drawing; experimental design; algorithm engineering; user studies; empirical evaluation; information visualization,data structures / algorithms / complexity; networks; society / human-computer interaction
761,15061,15061,Non-Zero-Sum-Games and Control,Automata theory; infinite games; multi-player games; non-zero-sum games; verification; synthesis; discrete event systems; control engineering,verification / logic
762,15062,15062,Domain-Specific Languages,internal DSLs; external DSLs; domain-specific modeling; extensible languages; language workbenches; textual/graph-based/visual languages; language design; language implementation techniques,programming languages / compiler; semantics / formal methods; software engineering
763,15071,15071,Formal Foundations for Networking,Networks; Formal Methods,networks; semantics / formal methods; verification / logic
764,15072,15072,Distributed Cloud Computing,Datacenters; Networking; Distributed Computing; Clouds,networks; optimization / scheduling
765,15081,15081,Holistic Scene Understanding,Scene Analysis; Image Understanding; Crowd Analysis; People and Object Recognition,artificial intelligence / robotics; computer graphics / computer vision; modelling / simulation
766,15082,15082,Limitations of Convex Programming: Lower Bounds on Extended Formulations and Factorization Ranks,Linear; Semidefinite; and Combinatorial Optimization; Matrix Theory; Communication Complexity; Information Theory; Quantum Information; Convex and Real Algebraic Geometry,data structures / algorithms / complexity; optimization / scheduling
767,15091,15091,Smart Buildings and Smart Grids,Smart Buildings; Smart Grids; Cyber-physical Systems; Energy Efficiency; Electricity; Renewable Energy; Distributed Systems; Optimization; Control,data bases / information retrieval; modelling / simulation; optimization / scheduling
768,15101,15101,Bridging Information Visualization with Machine Learning,Information visualization; machine learning,computer graphics / computer vision; data bases / information retrieval; soft computing / evolutionary algorithms
769,15102,15102,Secure Routing for Future Communication Networks,security; secure routing; communication networks; future internet; privacy and anonymity; mobile and wireless networks,networks; security / cryptology; world wide web / internet
770,15111,15111,Computational Geometry,Computational Geometry; Geometry; Topology; Discrete Geometry,data structures / algorithms / complexity
771,15112,15112,Network Calculus,queueing networks; network calculus; min-plus algebra; effective bandwidths; effective capacity; real-time calculus; performance evaluation,modelling / simulation; networks
772,15121,15121,Mixed Criticality on Multicore/Manycore Platforms,Real-Time Systems; Mixed Criticality; Multicore; Manycore; Scheduling; Schedulability Analysis; Timing Analysis; Network-on-Chip; Memory Architectures; Worst-Case Execution time; Real-Time Operating Systems,networks; operating systems; optimization / scheduling
773,15122,15122,Formal Models of Graph Transformation in Natural Language Processing,automata theory; graph transformation; natural language processing,artificial intelligence / robotics; data structures / algorithms / complexity
774,15131,15131,Normative Multi-Agent Systems,norms; agents; social computing; agreement technology; governance,artificial intelligence / robotics; modelling / simulation; society / human-computer interaction
775,15152,15152,Machine Learning with Interdependent and Non-identically Distributed Data,machine learning; computer vision; computational biology; domain adaptation; multitask learning; transfer learning; dataset selection bias; dependent and non-i.i.d. data,artificial intelligence / robotics; bioinformatics; computer graphics / computer vision
776,15161,15161,Advanced Stencil-Code Engineering,stencil codes; architectural metaprogramming; linear solvers; multigrid methods; supercomputing; software engineering; massive parallelism,modelling / simulation; programming languages / compiler; software engineering
777,15162,15162,Software and Systems Traceability for Safety-Critical Projects,safety-critical software development; assurance cases; software and systems traceability,semantics / formal methods; software engineering
778,15171,15171,Theory and Practice of SAT Solving,SAT; Boolean SAT solvers; SAT solving; conflict-driven clause learning; Groebner bases; pseudo-Boolean solvers; proof complexity; computational complexity; parameterized complexity,data structures / algorithms / complexity; semantics / formal methods; verification / logic
779,15181,15181,Challenges and Trends in Probabilistic Programming,Bayesian networks; differential privacy; machine learning; probabilistic programs; security; semantics; static analysis; verification,artificial intelligence / robotics; security / cryptology; verification / logic
780,15182,15182,Qualification of Formal Methods Tools,dependable systems; certification; qualification; formal methods; verification tools,semantics / formal methods; software engineering; verification / logic
781,15191,15191,Compositional Verification Methods for Next-Generation Concurrency,concurrency; compositional verification; mutable state; program logics; semantics; type systems; weak memory models; higher-order programming,programming languages / compiler; semantics / formal methods; verification / logic
782,15192,15192,The Message in the Shadow: Noise or Knowledge?,Computer vision; Cognitive vision; Art and cognition; Spatiotemporal logic and computer vision; Conceptual representations; Embedded computer vision systems; Machine learning and vision,artificial intelligence / robotics; computer graphics / computer vision
783,15201,15201,Cross-Lingual Cross-Media Content Linking: Annotations and Joint Representations,cross-lingual; cross-media; cross-modal; natural language processing; computer vision; multimedia; knowledge representation; machine learning; information extraction; information retrieval,artificial intelligence / robotics; data bases / information retrieval; multimedia
784,15211,15211,Theory of Evolutionary Algorithms,evolutionary algorithm; randomized algorithms; theoretical computer science; theoretical biology,data structures / algorithms / complexity; optimization / scheduling; soft computing / evolutionary algorithms
785,15221,15221,Multi-disciplinary Approaches to Reasoning with Imperfect Information and Knowledge – a Synthesis and a Roadmap of Challenges,uncertain reasoning; conditionals; non-monotonic logics; belief revision; similarity-based reasoning; semantical frameworks; formal epistemology; philosophy of probability; cognitive aspects of rational reasoning; empirical studies on rational areas,artificial intelligence / robotics; semantics / formal methods; verification / logic
786,15222,15222,Human-Centric Development of Software Tools,Human Factors in Software Tools; Empirical Evaluation of Software Tools; Programming-Language and -Tool Design,programming languages / compiler; society / human-computer interaction; software engineering
787,15241,15241,Computational Social Choice: Theory and Applications,Computational Social Choice; Artificial Intelligence; Multi Agent Systems; Collective Decision Making; Matching; Voting; Preference Aggregation; Fair Division; Preference Elicitation and Preference Learning; Mechanism Design,artificial intelligence / robotics; data structures / algorithms / complexity; modelling / simulation
788,15242,15242,Complexity of Symbolic and Numerical Problems,Symbolic computation; algorithms in real algebraic geometry; complexity lower bounds; geometry of numerical algorithms,data structures / algorithms / complexity
789,15251,15251,Sparse Modelling and Multi-exponential Analysis,sparse interpolation; exponential analysis; signal processing,modelling / simulation
790,15261,15261,Logics for Dependence and Independence,dependence logic; mathematical logic; computational complexity; finite model theory; game theory,data structures / algorithms / complexity; verification / logic
791,15281,15281,Algorithms and Scheduling Techniques to Manage Resilience and Power Consumption in Distributed Systems,Fault tolerance; resilience; energy efficiency; distributed and high performance computing.,data structures / algorithms / complexity; operating systems; optimization / scheduling
792,15301,15301,The Constraint Satisfaction Problem: Complexity and Approximability,constraint satisfaction problem (CSP); computational complexity; CSP dichotomy conjecture; hardness of approximation; unique games conjecture; descriptive complexity; counting; universal algebra; logic; parameterized complexity; decomposition methods,data structures / algorithms / complexity
793,15302,15302,Digital Scholarship and Open Science in Psychology and the Behavioral Sciences,data standards; semantic web; ontologies; psychology; open science,data bases / information retrieval; data structures / algorithms / complexity; semantics / formal methods
794,15342,15342,Power-Bounded HPC Performance Optimization,high-performance computing; supercomputing; power; performance optimization; physics simulation,hardware; modelling / simulation; operating systems
795,15351,15351,Computational Mass Spectrometry,bioinformatics; computational mass spectrometry; proteomics; metabolomics; glycomics,bioinformatics
796,15352,15352,Design of Microfluidic Biochips: Connecting Algorithms and Foundations of Chip Design to Biochemistry and the Life Sciences,cyber-physical integration; microfluidic biochip; computer aided design; hardware and software co-design; test; verification,hardware; modelling / simulation; optimization / scheduling
797,15361,15361,Mathematical and Computational Foundations of Learning Theory,machine learning; large scale data,artificial intelligence / robotics; data structures / algorithms / complexity
798,15362,15362,Present and Future of Formal Argumentation,Artificial Intelligence; Knowledge Representation and Reasoning; Multi-Agent Systems; Argumentation; Non-monotonic Logic,artificial intelligence / robotics
799,15371,15371,Quantum Cryptanalysis,Quantum computing; post-quantum cryptography; computational algebra; quantum circuit complexity; quantum hardware and resource estimation,data structures / algorithms / complexity; security / cryptology
800,15381,15381,Information from Deduction: Models and Proofs,Automated Deduction; Models; Proofs; Decision Procedures; SMT; SAT; ATP,artificial intelligence / robotics; semantics / formal methods; verification / logic
801,15382,15382,"Modeling and Simulation of Sport Games, Sport Movements, and Adaptations to Training",artificial intelligence; computer graphics; computer vision; databases; information retrieval; modeling; simulation; ubiquitous computing; pattern recognition; machine learning; big data; knowledge discovery; data-mining,modelling / simulation
802,15391,15391,Algorithms and Complexity for Continuous Problems,Compressed sensing; Learning theory; Random coefficients; Multilevel algorithms; Computational stochastic processes; Tractability,data structures / algorithms / complexity
803,15392,15392,Measuring the Complexity of Computational Content: Weihrauch Reducibility and Reverse Analysis,Computability and complexity in analysis; computations on real numbers; reducibilities; descriptive complexity; computational complexity; reverse and constructive mathematics,data structures / algorithms / complexity; verification / logic
804,15401,15401,"Circuits, Logic and Games",computational complexity theory; finite model theory; Boolean circuits; regular languages; finite monoids; Ehrenfeucht-Fraisse-games,data structures / algorithms / complexity
805,15402,15402,Self-assembly and Self-organization in Computer Science and Biology,Self-assembly; self-organization; self-* systems; concurrency; graph-rewriting grammars Topics: Modelling/simulation,data structures / algorithms / complexity; modelling / simulation; networks
806,15411,15411,Multimodal Manipulation Under Uncertainty,robotics; manipulation; uncertainty; perception; computer vision; range sensing; tactile sensing,artificial intelligence / robotics
807,15412,15412,Dynamic Traffic Models in Transportation Science,dynamic traffic equilibria; complexity of equilibrium computation; simulation; dynamic network flow theory; network optimization,data structures / algorithms / complexity; modelling / simulation; networks
808,15421,15421,Rack-scale Computing,Rack-scale computing; Systems-on-Chip (SoC); Interconnect networks; Operating systems; Language runtime systems,hardware; operating systems
809,15431,15431,Genomic Privacy,genomics; genetics; health data; privacy protection; differential privacy; privacy by design; information security; cryptography; secure computation,bioinformatics; security / cryptology
810,15441,15441,Duality in Computer Science,Stone duality; domain theory; semantics of non-classical logics; probabilistic systems; coalgebra; recognizability,data structures / algorithms / complexity; semantics / formal methods; verification / logic
811,15442,15442,Approaches and Applications of Inductive Programming,inductive program synthesis; end-user programming; constraint programming; probabilistic programming; cognitive modeling,artificial intelligence / robotics; programming languages / compiler; semantics / formal methods
812,15451,15451,Verification of Evolving Graph Structures,Verification; static analysis; graphs; graph transformation; heap analysis; shape analysis; separation logic; dynamic systems,semantics / formal methods; verification / logic
813,15452,15452,Artifact Evaluation for Publications,Empirical Evaluation of Software Tools; Documentation of Research Processes; Artifact Evaluation; Experimental Reproducibility,hardware; optimization / scheduling; software engineering
814,15461,15461,Vision for Autonomous Vehicles and Probes,Vision-based autonomous driving and navigation; Exploratory rovers; Dynamic 3D scene understanding; Simultaneous localization and mapping; On-board algorithms,artificial intelligence / robotics; computer graphics / computer vision
815,15462,15462,The Mobile Revolution – Machine Intelligence for Autonomous Vehicles,Autonomous Driving; Machine Intelligence; Robotics; Environment Perception; Situation Awareness; Digital Maps; Traffic Safety,artificial intelligence / robotics; computer graphics / computer vision
816,15471,15471,Symbolic Computation and Satisfiability Checking,algorithmic algebra; arithmetic; automated reasoning; decision procedures; quantifier elimination; satisfiability checking; SMT solving; symbolic computation,data structures / algorithms / complexity; semantics / formal methods; verification / logic
817,15472,15472,"Programming with ""Big Code""",statistical programming tools; machine learning; natural language processing; programming languages; software engineering,artificial intelligence / robotics; programming languages / compiler; software engineering
818,15481,15481,Evaluation in the Crowd: Crowdsourcing and Human-Centred Experiments,Information Visualization; Data Visualization; Visualization; Graphics; Applied Perception; Human-Computer Interaction; Empirical Evaluations; Crowdsourcing,computer graphics / computer vision; society / human-computer interaction; world wide web / internet
819,15482,15482,Social Concepts in Self-organising Systems,Organic Computing; Socio-technical Systems; Sociologically-inspired Computing; Multi-Agent Sytems; Trust; Reputation; Social Capital; Computational Justice; Norms; Self-Organisation,artificial intelligence / robotics; society / human-computer interaction; soft computing / evolutionary algorithms
820,15491,15491,"Approximate and Probabilistic Computing: Design, Coding, Verification",Approximation; Model Checking; Performance; Probability; Program Analysis; Systems; Verification,programming languages / compiler; software engineering; verification / logic
821,15492,15492,Computational Metabolomics,Bioinformatics; cheminformatics; computational metabolomics; computational mass spectrometry; algorithms; databases,bioinformatics
822,15511,15511,The Graph Isomorphism Problem,Graph Isomorphism; Canonical Forms; Computational Group Theory; Complexity; Lift-and-Project Hierarchies,data structures / algorithms / complexity; software engineering; verification / logic
823,15512,15512,Debating Technologies,Debating; human-machine interaction; interactive systems; discourse and dialogue,artificial intelligence / robotics; data bases / information retrieval; society / human-computer interaction
824,16011,16011,Evolution and Computing,Evolution; Natural Algorithms; Theory of Computation; Evolutionary Computation,data structures / algorithms / complexity; soft computing / evolutionary algorithms
825,16012,16012,Global Measurements: Practice and Experience,Internet measurements; Quality of experience; Network management; Traffic engineering,modelling / simulation; networks; world wide web / internet
826,16021,16021,Symmetric Cryptography,Cryptanalysis; Lightweight Cryptography; Authenticity; Integrity; Confidentiality; Hash Functions; Block Ciphers; Stream Ciphers; Provable Security,data structures / algorithms / complexity; security / cryptology
827,16022,16022,Geometric and Graph-based Approaches to Collective Motion,trajectories; movement; data analysis; geometric algorithms; graph algorithms; collective motion,bioinformatics; data structures / algorithms / complexity; modelling / simulation
828,16031,16031,Well Quasi-Orders in Computer Science,Well quasi-order; noetherian space; better quasi-order; verification; termination; logic; hierarchy; reducibility; topological complexity; well-structured transition systems; infinite state machines,data structures / algorithms / complexity; semantics / formal methods; verification / logic
829,16032,16032,Privacy and Security in Smart Energy Grids,Privacy; Security; Smart Grid,hardware; security / cryptology; society / human-computer interaction
830,16041,16041,Reproducibility of Data-Oriented Experiments in e-Science,experimentation; reliability; validity,bioinformatics; data bases / information retrieval; society / human-computer interaction
831,16042,16042,Eyewear Computing – Augmenting the Human with Head-mounted Wearable Assistants,Augmented Human; Cognition-Aware Computing; Ubiquitous Computing; Egocentric Computer Vision; Eye Tracking; Optics; Displays; HCI; Privacy,computer graphics / computer vision; mobile computing; society / human-computer interaction
832,16051,16051,Modern Cryptography and Security: An Inter-Community Dialogue,secure multi-party computation; homomorphic encryption; post-quantum cryptography; side/covert channels; virtualization security; secure outsourcing; secure hardware design; anti-surveillance/anti-censorship systems,hardware; operating systems; security / cryptology
833,16052,16052,Dark Silicon: From Embedded to HPC Systems,Parallel Computing; Programming Tools; Performance Analysis and Tuning; Dark Silicon; Power Density; Power Modelling; Resource Management; HPC; Embedded,hardware; modelling / simulation; optimization / scheduling
834,16061,16061,Data-Driven Storytelling,Information Visualization; Storytelling; Visual literacy; Data journalism; Personal visualization,computer graphics / computer vision; multimedia
835,16062,16062,Modeling and Analysis of Semiconductor Supply Chains,Modeling; Simulation; Supply Chain Management; Semiconductor Manufacturing,modelling / simulation; optimization / scheduling
836,16071,16071,Pattern Avoidance and Genome Sorting,permutations; patterns; sorting; lists; evolutionary distance; metrics,data structures / algorithms / complexity; semantics / formal methods; soft computing / evolutionary algorithms
837,16072,16072,Assessing Learning In Introductory Computer Science,Computer Science Education; Educational Assessment; Learning Objectives,data structures / algorithms / complexity; programming languages / compiler; software engineering
838,16081,16081,Scheduling,Scheduling; Approximation Algorithms,optimization / scheduling
839,16091,16091,Computational Challenges in Cooperative Intelligent Urban Transport,Computational transportation science; intelligent transportation systems; cooperative computing; crowd-sourcing of transportation data,mobile computing; modelling / simulation; society / human-computer interaction
840,16092,16092,Computational Music Structure Analysis,Music information retrieval; Music processing; Music perception and cognition; Music composition and performance; Knowledge representation; User interaction and interfaces,data bases / information retrieval; multimedia; society / human-computer interaction
841,16101,16101,Data Structures and Advanced Models of Computation on Big Data,data structures; algorithms; cloud services; information theory; large data sets; external memory methods; big data; streaming; web-scale,data bases / information retrieval; data structures / algorithms / complexity; world wide web / internet
842,16111,16111,Rethinking Experimental Methods in Computing,algorithms; software; experiments; repeatability; reproducibility; benchmarks; data sets,data structures / algorithms / complexity; programming languages / compiler; software engineering
843,16112,16112,From Theory to Practice of Algebraic Effects and Handlers,algebraic effects; handlers; computational effects; programming languages; implementation techniques,programming languages / compiler
844,16131,16131,Language Based Verification Tools for Functional Programs,Verification; Dependent Types; Refinement Types; SMT Solvers; Higher-Order Program Analysis,programming languages / compiler; verification / logic
845,16141,16141,"Analysis, Interpretation and Benefit of User-Generated Data: Computer Science Meets Communication Studies",Information systems; data science; communication sciences,data bases / information retrieval; society / human-computer interaction; world wide web / internet
846,16142,16142,"Multidisciplinary Approaches to Multivalued Data: Modeling, Visualization, Analysis",visualization; image processing; tensor fields; diffusion-weighted imaging (DWI); partial differ- ential equations (PDEs); higher-order descriptors; feature extraction; fiber tracking; structural mechanics; fluid dynamics,computer graphics / computer vision
847,16151,16151,Foundations of Data Management,Data Management; Database Theory; Big Data; Machine Learning; Data Mining; Information Extraction; Graph Algorithms; Knowledge Representation; Semantic Web; Scientific Workflow; Data-centric Workflow; Probabalistic Data,data bases / information retrieval; world wide web / internet
848,16152,16152,Tensor Computing for Internet of Things,Tensor Methods; Multi-way Data Analysis; Multi-linear Algebra; Tensor Software; Distributed & Parallel Computing; Big Data Computing & Analytics; Cyber-physical Systems; Intelligent Autonomous Systems; Applications in Smart Grid; Mobility; Smart City,data bases / information retrieval; data structures / algorithms / complexity; networks
849,16161,16161,"Natural Language Argumentation: Mining, Processing, and Reasoning over Textual Arguments",Argumentation theory; natural language processing; text mining; formal reasoning; legal reasoning; persuasion,artificial intelligence / robotics; computer graphics / computer vision; data bases / information retrieval
850,16162,16162,Managing Technical Debt in Software Engineering,Technical debt; Software quality; Software evolution; Software decay; Software economics; Software project management,software engineering
851,16171,16171,Algorithmic Methods for Optimization in Public Transport,Public transportation; Timetabling; Resource scheduling; Delay and disruption management; Dynamic passenger information,modelling / simulation; networks; optimization / scheduling
852,16172,16172,Machine Learning for Dynamic Software Analysis: Potentials and Limits,software analysis; machine learning; dynamic analysis; testing; automata learning,artificial intelligence / robotics; semantics / formal methods; software engineering
853,16191,16191,Fresh Approaches to Business Process Modeling,Business Process Management; Data Analytics; Visualization,modelling / simulation; society / human-computer interaction
854,16192,16192,"Supporting Organizational Efficiency and Agility: Models, Languages and Software Systems",Conceptual Modeling; Information Systems; IT-Business Alignment; Language Engineering; Management Theory; Organizational Theory; Software Engineering,data bases / information retrieval; modelling / simulation; society / human-computer interaction
855,16201,16201,"Synergies among Testing, Verification, and Repair for Concurrent Programs",Concurrency; testing; program analysis; program verification; model checking; program repair; fault localization,programming languages / compiler; semantics / formal methods; verification / logic
856,16202,16202,Hardware Security,Hardware Security; Cryptographic Primitives; Side-channel Cryptanalysis; Hardware Trojans; Physically Unclonable Functions,hardware; security / cryptology
857,16221,16221,Algorithms for Optimization Problems in Planar Graphs,planar graphs; algorithms; combinatorial optimization; approximation; shortest paths; Steiner tree; multiway cut; flows,data structures / algorithms / complexity; optimization / scheduling
858,16222,16222,Engineering Moral Agents – from Human Morality to Artificial Morality,Artificial Morality; Machine Ethics; Computational Morality; Autonomous Systems; Intelligent Systems; Formal Ethics; Mathematical Philosophy; Robot Ethics.,artificial intelligence / robotics; semantics / formal methods; verification / logic
859,16231,16231,Immersive Analytics,Natural User Interfaces; Visual analytics; Augmented Reality,computer graphics / computer vision; multimedia; society / human-computer interaction
860,16232,16232,Fair Division,Fair division; Cake cutting; Envy-freeness; Computational social choice,artificial intelligence / robotics; data structures / algorithms / complexity
861,16241,16241,Graph Polynomials: Towards a Comparative Theory,Graph Polynomials; Second Order Logic; Graph Colourings; Graph Homomorphisms; Graph Invariants; Matroid Invariants; Counting Functions; Complexity; Topological Graph Theory,bioinformatics; data structures / algorithms / complexity; verification / logic
862,16251,16251,Information-centric Networking and Security,Information-centric Networking; network architecture; network security; Internet legal and ethical issues,networks; security / cryptology; world wide web / internet
863,16252,16252,Engineering Academic Software,Software; Software Eng; Research Methods; Sustainable Software,bioinformatics; data bases / information retrieval; software engineering
864,16261,16261,Integration of Expert Knowledge for Interpretable Models in Biomedical Data Analysis,biomedical data analysis; knowledge integration; expert interactions; feature selection and dimensionality reduction; modeling; data visualization,bioinformatics; data structures / algorithms / complexity; soft computing / evolutionary algorithms
865,16262,16262,Automotive User Interfaces in the Age of Automation,Novel automotive UIs; Driver-vehicle interaction services; Social-inspired traffic mechanisms; Customization of vehicles for the individual driver; User experience in future driving,mobile computing; society / human-computer interaction
866,16271,16271,Algorithmic Foundations of Programmable Matter,distributed algorithms; distributed systems; robotics; self-organization; programmable matter,artificial intelligence / robotics; data structures / algorithms / complexity; networks
867,16281,16281,Network Latency Control in Data Centres,Network architecture; data centres; latency; resource control; scheduling; end-to-end transport protocols.,networks; operating systems; optimization / scheduling
868,16282,16282,Topological Methods in Distributed Computing,distributed protocols; solvability; shared-memory communication; concurrency; combinatorial topology,data structures / algorithms / complexity; networks; semantics / formal methods
869,16291,16291,"Data, Responsibly",data management; data mining; machine learning; data analysis; big data; data fairness; data transparency; data provenance,data bases / information retrieval; world wide web / internet
870,16321,16321,Coding Theory in the Time of Big Data,error-correction; coding theory; algebraic coding theory; distributed storage; index coding; caching problems; streaming algorithms; cryptography; information theory; randomized algorithms; complexity theory.,data structures / algorithms / complexity; networks; security / cryptology
871,16341,16341,Integrating Process-Oriented and Event-Based Systems,Process-aware Information Systems; Event-based Systems; Distributed Systems,data bases / information retrieval; semantics / formal methods; software engineering
872,16342,16342,Foundations of Secure Scaling,Cryptographic Engineering; Very Large Scale Integration; Secure Hardware Design; Technology Scaling; Complexity Scaling; Secure Evaluation.,hardware; security / cryptology; verification / logic
873,16351,16351,"Next Generation Sequencing – Algorithms, and Software For Biomedical Applications",Sequence analysis; DNA Sequence Assembly; Expression Profiles; Cancer; Human Disease; Software Engineering (Tools & Libraries); Next Generation Sequencing,bioinformatics; data structures / algorithms / complexity; software engineering
874,16361,16361,Network Attack Detection and Defense – Security Challenges and Opportunities of Software-Defined Networking,Security; software defined networking; OpenFlow protocol; programmable networks; attack detection; targeted attacks; network monitoring; intrusion detection; vulnerability analysis; malware assessment; denial-of-service attack detection and response,networks; security / cryptology
875,16362,16362,Robustness in Cyber-Physical Systems,Robustness; Cyber-Physical Systems; Formal Verification; Real-time and Embedded Systems; Fault tolerance; Automotive; Aerospace,modelling / simulation; semantics / formal methods; verification / logic
876,16371,16371,Public-Key Cryptography,Encryption; Signatures; Cryptanalysis; Obfuscation; Homomorphic Encryption; Key Exchange,security / cryptology
877,16372,16372,Uncertainty Quantification and High Performance Computing,Uncertainty Quantification; High Performance Computing; Stochastic Modeling; Parallelization,data structures / algorithms / complexity; modelling / simulation; software engineering
878,16381,16381,SAT and Interactions,satisfiability problems; computational complexity; proof complexity; combinatorics; solvers for satisfiability problems; reductions to satisfiability problems,data structures / algorithms / complexity
879,16382,16382,Foundations of Unsupervised Learning,Machine learning; theory of computing; unsupervised learning; representation learning; clustering,artificial intelligence / robotics; data structures / algorithms / complexity
880,16402,16402,Programming Language Techniques for Incremental and Reactive Computing,Caching; memoization; dynamic dependency graphs; dataflow graphs; in- cremental algorithms; change propagation; static program transformation; reactive languages and systems,data structures / algorithms / complexity; programming languages / compiler; semantics / formal methods
881,16411,16411,Algebraic Methods in Computational Complexity,computational complexity; algebra; (de-) randomization; circuits; coding,data structures / algorithms / complexity; security / cryptology
882,16412,16412,Automated Algorithm Selection and Configuration,algorithm selection; algorithm configuration; performance prediction; optimization; machine learning; features,artificial intelligence / robotics; data structures / algorithms / complexity; optimization / scheduling
883,16421,16421,Universality of Proofs,logics; formal proofs; provers; reusability; interoperability; logical frameworks; proof formats; translation,semantics / formal methods; verification / logic
884,16431,16431,Computation over Compressed Structured Data,Data Compression; Indexing; Algorithms on Compressed Structures; Straight- Line Programs,data bases / information retrieval; data structures / algorithms / complexity
885,16441,16441,Adaptive Isolation for Predictability and Security,Parallel Computing; Programming Tools; Timing Analysis; Embedded Security; Embedded Systems; MPSoC; Virtualization,hardware; optimization / scheduling; security / cryptology
886,16442,16442,"Vocal Interactivity in-and-between Humans, Animals and Robots (VIHAR)",vocal interaction; speech technology; spoken language; human-robot interaction; animal calls; vocal learning; language universals; language evolution; vocal expression,artificial intelligence / robotics; society / human-computer interaction
887,16451,16451,Structure and Hardness in P,classifying P; lower bounds; hardness assumptions; algorithmic equivalences,data structures / algorithms / complexity
888,16452,16452,Beyond-Planar Graphs: Algorithmics and Combinatorics,Graph Drawing; Graph Theory; Combinatorial Geometry,computer graphics / computer vision; data structures / algorithms / complexity
889,16462,16462,Inpainting-Based Image Compression,inpainting; lossy data compression; image processing; interpolation; approximation; partial differential equations (PDEs); optimisation; sparsity; radial basis functions,computer graphics / computer vision; multimedia; optimization / scheduling
890,16471,16471,"Concurrency with Weak Memory Models: Semantics, Languages, Compilation, Verification, Static Analysis, and Synthesis",compilation; computer memory; concurrency; memory barrier; memory ordering; micro-architecture; multiprocessor; out-of-order execution; parallelism; program synthesis; programming language; semantics; static analysis; verification; weak memory model,programming languages / compiler; semantics / formal methods; verification / logic
891,16472,16472,QoE Vadis?,Quality of Experience; user experience; multimedia; network quality monitoring and measurement; network and application management; socio-economic and business aspects,networks; society / human-computer interaction; world wide web / internet
892,16481,16481,New Directions for Learning with Kernels and Gaussian Processes,Machine Learning; Kernel Methods; Gaussian Processes; Probabilistic Programming; Probabilistic Numerics,artificial intelligence / robotics; data structures / algorithms / complexity; modelling / simulation
893,16482,16482,Algorithms and Effectivity in Tropical Mathematics and Beyond,algorithms in tropical mathematics; complexity; effective bounds; optimization; zero-sum games,data structures / algorithms / complexity; optimization / scheduling
894,16491,16491,Symbolic-Numeric Methods for Reliable and Trustworthy Problem Solving in Cyber-Physical Domains,Cyber-physical systems; hybrid systems; verification; constraint solving; verified numerical methods; planning; optimization methods,artificial intelligence / robotics; semantics / formal methods; verification / logic
895,17021,17021,Functoriality in Geometric Data,Computational Geometry; Geometry Processing; Data Analysis,computer graphics / computer vision; multimedia; optimization / scheduling
896,17022,17022,Automated Program Repair,Patching; Bug Repair; Debugging; Genetic Programming; Search Based Software Engineering; Program Synthesis; Symbolic Execution,soft computing / evolutionary algorithms; software engineering; verification / logic
897,17031,17031,Planning and Robotics,Automated Planning and Scheduling; Robotics; Artificial Intelligence; Plan Execution; Robust Autonomy; Goal Reasoning; Adjustable Autonomy; Human-Robot Interaction,artificial intelligence / robotics
898,17032,17032,Network Function Virtualization in Software Defined Infrastructures,Network function virtualization; Software-defined networking; Flexible network management,networks
899,17041,17041,Randomization in Parameterized Complexity,Parameterized complexity; fixed-parameter tractability; randomness; intractability,data structures / algorithms / complexity; networks
900,17042,17042,From Characters to Understanding Natural Language (C2NLU): Robust End-to-End Deep Learning for NLP,Natural language processing; computational linguistics; deep learning; robustness in learning; end-to-end learning; machine learning,artificial intelligence / robotics
901,17051,17051,Theory and Applications of Behavioural Types,behavioural types; session types; typestate; programming languages; type systems; semantics; concurrency; distributed systems; static analysis; runtime monitoring,programming languages / compiler; semantics / formal methods; verification / logic
902,17061,17061,Wildly Heterogeneous Post-CMOS Technologies Meet Software,Hardware/Software Co-Design; Nanoelectronics; Emerging Post-CMOS Circuit Materials and Technologies; Heterogeneous Hardware; System Architecture; Operating Systems; Runtime Support; Compilers; Programming Languages; Formal Methods,hardware; operating systems; programming languages / compiler
903,17062,17062,Beyond VR and AR: Reimagining Experience Sharing and Skill Transfer Towards an Internet of Abilities,Augmented Human; HCI; Virtual Reality; Augmented Reality; Educational Psychology,mobile computing; society / human-computer interaction
904,17071,17071,Computer-Assisted Engineering for Robotics and Autonomous Systems,Autonomous Systems; Artificial Intelligence; Robotics; Computer-aided Software Development; Domain-specific Languages; Model-driven Software Engineering; Safety; Testing; Analysis; Verification; Synthesis; Formal Methods,artificial intelligence / robotics; software engineering; verification / logic
905,17072,17072,Applications of Topology to the Analysis of 1-Dimensional Objects,Curves; homotopy; knot theory; graph drawing,data structures / algorithms / complexity
906,17081,17081,Computability Theory,computability theory; generic case complexity; computable analysis; computable algebra; proof mining; algorithmic randomness,data structures / algorithms / complexity
907,17082,17082,Shape-Changing Interfaces,Shape-changing interfaces; user interfaces; materials; robotics; smart materials,society / human-computer interaction
908,17091,17091,Computer Science Meets Ecology,Biodiversity; Earth System; Earch Observation; Remote Sensing; Ecology; Big Data; Modeling; Data Integration; Semantics; Society; Citizen Science; Mobile Computing,computer graphics / computer vision; data bases / information retrieval; modelling / simulation
909,17092,17092,Search as Learning,explorative search; human factors; search system design; learning,data bases / information retrieval; society / human-computer interaction
910,17101,17101,Databases on Future Hardware,Computer Architecture; Hardware Support for Databases; Non-Volatile,data bases / information retrieval; hardware; networks
911,17102,17102,Rethinking Productivity in Software Engineering,,society / human-computer interaction; software engineering
912,17111,17111,"Game Theory in AI, Logic, and Algorithms",game theory; verification; algorithms; logic,artificial intelligence / robotics; data structures / algorithms / complexity; verification / logic
913,17112,17112,Using Networks to Teach About Networks,computer networks; education; learning; internet online education,networks
914,17121,17121,Computational Complexity of Discrete Problems,computational complexity; discrete problems; Turing machines; circuits; communication complexity; lower bounds; upper bounds; coding theory; pseudorandomness; derandomization; hardness of approximation,data structures / algorithms / complexity
915,17131,17131,Mixed Criticality on Multicore / Manycore Platforms,real-time systems; mixed-criticality; multi- and many-cores,optimization / scheduling; semantics / formal methods; verification / logic
916,17132,17132,Opportunities and Risks of Blockchain Technologies,Blockchain; Trust Networks; Trust Platforms; Cryptocurrencies; Bitcoin,security / cryptology; society / human-computer interaction; software engineering
917,17141,17141,Probabilistic Methods in the Design and Analysis of Algorithms,analysis of algorithms; randomized algorithms; sub-linear algorithms; average-case analysis; smoothed analysis; random graphs,data structures / algorithms / complexity
918,17142,17142,Formal Methods of Transformations,automata; transducers; formal methods; trees,data structures / algorithms / complexity; semantics / formal methods; verification / logic
919,17161,17161,Ambient Notification Environments,Ambient Notification; Notification Management; Context Recognition; Activity Recognition; Ubiquitous Computing,mobile computing; society / human-computer interaction
920,17162,17162,Online Privacy and Web Transparency,Online Privacy; Transparency; Web Tracking; Discrimination; Big data; Privacy Enhancing Technologies,security / cryptology; society / human-computer interaction; world wide web / internet
921,17171,17171,Computational Geometry,Combinatorics; complexity; algorithms; geometric computing; implementation; applications; monitoring and shape data; high-dimensional computational geometry,data structures / algorithms / complexity
922,17181,17181,Theory and Applications of Hashing,hash function construction and analysis; hashing primitives; information retrieval applications; locality-sensitive hashing; data streaming applications; machine learning applications; connections to complexity theory,data bases / information retrieval; data structures / algorithms / complexity
923,17191,17191,Theory of Randomized Optimization Heuristics,soft computing; evolutionary algorithms; machine learning; algorithms and complexity; optimization,soft computing / evolutionary algorithms
924,17192,17192,Human-Like Neural-Symbolic Computing,human-like computing; neural-symbolic integration; natural language processing; cognitive agents; multimodal learning,artificial intelligence / robotics; society / human-computer interaction; world wide web / internet
925,17201,17201,Formal Synthesis of Cyber-Physical Systems,Formal Synthesis; Reactive Synthesis; Correct-By-Construction Synthesis; Cyber-Physical Systems; Hybrid Systems; Control Systems,artificial intelligence / robotics; modelling / simulation; semantics / formal methods
926,17202,17202,Challenges and Opportunities of User-Level File Systems for HPC,I/O performance; file systems; high performance computing workflows,operating systems
927,17221,17221,"Geometric Modelling, Interoperability and New Challenges",geometric modeling; shape design; geometry; computer graphics; geometry processing; isogeometric analysis; additive manufacturing; design optimization,data structures / algorithms / complexity; modelling / simulation; optimization / scheduling
928,17222,17222,Robust Performance in Database Query Processing,Database; query processing; query optimization; query execution; map-reduce; systems; cloud computing; performance; scalability; robustness; reliability; predictability; planning; uncertainty,data bases / information retrieval
929,17231,17231,Epistemic Planning,Automated planning; multi-agent systems; epistemic logic; dynamic epistemic logic; temporal epistemic logic; knowledge representation,artificial intelligence / robotics; data structures / algorithms / complexity; verification / logic
930,17232,17232,Computational Interactivity,HCI; graphics; machine learning; optimization; simulation; crowd-computing,computer graphics / computer vision; modelling / simulation; society / human-computer interaction
931,17251,17251,Game Theory Meets Computational Learning Theory,Theory; Algorithms and complexity; Computational learning; Game theory,data structures / algorithms / complexity
932,17252,17252,"Computational Challenges in RNA-Based Gene Regulation: Protein-RNA Recognition, Regulation and Prediction",RNA-protein interaction; machine learning; genomic and transcriptomic data mining; gene expression networks; RNA structure prediction; quantitative biology,bioinformatics; data bases / information retrieval; data structures / algorithms / complexity
933,17261,17261,Voting: Beyond Simple Majorities and Single-Winner Elections,Social Choice; Artificial Intelligence; Multi Agent Systems; Collective Decision Making; Voting; Preference Aggregation; Preference Elicitation and Preference Learning,artificial intelligence / robotics; data structures / algorithms / complexity; modelling / simulation
934,17262,17262,Federated Semantic Data Management,Semantic Web; Linked Data; Query Processing; RDF; SPARQL,data bases / information retrieval; semantics / formal methods; world wide web / internet
935,17271,17271,Foundations of Wireless Networking,wireless networks,hardware; mobile computing; networks
936,17272,17272,Citizen Science: Design and Engagement,Citizen science; online community; crowdsourcing; open sciencee; human computation; incentives engineering; data analytics; gamification,artificial intelligence / robotics; society / human-computer interaction
937,17281,17281,Malware Analysis: From Large-Scale Data Triage to Targeted Attack Recognition,malware; reverse engineering; executable analysis; obfuscation; machine learning; big data,security / cryptology; semantics / formal methods; verification / logic
938,17282,17282,From Observations to Prediction of Movement,Trajectories; movement; geometric algorithms; graph algorithms; geographic information system; agent-based simulation; statistical models; collective motion; interaction; smart cities; mobility; human health,data structures / algorithms / complexity; modelling / simulation; networks
939,17291,17291,Resource Bound Analysis,Resource-Bound Analysis; WCET Analysis; Verification; Compilation; Quantitative Analysis; Static Analysis; Type Systems; Abstract Interpretation; Automata Theory; Control-Flow Analysis,programming languages / compiler; semantics / formal methods; verification / logic
940,17292,17292,"Topology, Computation and Data Analysis",computational topology; topological data analysis,data structures / algorithms / complexity
941,17301,17301,User-Generated Content in Social Media,Social media; information extraction; multimedia retrieval and annotation; trend detection; e-reputation,data bases / information retrieval; multimedia; world wide web / internet
942,17332,17332,Scalable Set Visualizations,information visualization; set visualization; visual analytics; cognition and graphical perception; geometric algorithms,computer graphics / computer vision; data structures / algorithms / complexity; society / human-computer interaction
943,17341,17341,Computational Counting,Approximation algorithms; Computational complexity; Counting problems; Partition functions; Phase transitions,data structures / algorithms / complexity
944,17351,17351,Machine Learning and Formal Methods,Machine Learning; Formal Methods; Program Synthesis; Robotics; Cyber-Physical Systems,artificial intelligence / robotics; semantics / formal methods; verification / logic
945,17352,17352,Analysis and Synthesis of Floating-point Programs,Floating-point arithmetic; Program optimization; Rigorous compilation; Precision allocation; Energy-efficient Computing,programming languages / compiler; semantics / formal methods; verification / logic
946,17361,17361,Finite and Algorithmic Model Theory,Finite model theory; Descriptive Complexity; Database Theory; Model Checking; Algorithms; Knowledge Representation; Independence Logic,data bases / information retrieval; data structures / algorithms / complexity; verification / logic
947,17371,17371,Deduction Beyond First-Order Logic,automated reasoning; automated deduction; decision procedures; higher-order logic; formal proof; program verification,artificial intelligence / robotics; semantics / formal methods; verification / logic
948,17372,17372,Cybersafety in Modern Online Social Networks,cybersafety; online social networks; security and privacy; legal and ethical issues on the web,security / cryptology; society / human-computer interaction; world wide web / internet
949,17381,17381,Recent Trends in Knowledge Compilation,knowledge compilation; constraints; preprocessing; probabilistic databases; model counting,artificial intelligence / robotics; data bases / information retrieval; data structures / algorithms / complexity
950,17382,17382,Approaches and Applications of Inductive Programming,inductive program synthesis; inductive logic programming; enduser programming; probabilistic programming; human-like computing,artificial intelligence / robotics
951,17391,17391,Deep Learning for Computer Vision,deep learning; convolutional networks; computer vision; machine learning,artificial intelligence / robotics; computer graphics / computer vision
952,17392,17392,Body-Centric Computing,Embodiment; mobile computing; quantified self,mobile computing; society / human-computer interaction
953,17401,17401,Quantum Cryptanalysis,Quantum computing; post-quantum cryptography; computational algebra; quantum circuit complexity; quantum hardware and resource estimation,data structures / algorithms / complexity; security / cryptology
954,17411,17411,"Hyperspectral, Multispectral, and Multimodal (HMM) Imaging: Acquisition, Algorithms, and Applications",Hyperspectral and Multispectral imaging and analysis; Multi-modal sensor Fusion; Computer Vision; Remote sensing and Geoscience; Compressive Sensing,computer graphics / computer vision
955,17412,17412,Internet of People,Internet design; Next Generation Internet; human-centric Internet; social-aware Internet; ,mobile computing; society / human-computer interaction; world wide web / internet
956,17421,17421,Computational Proteomics,Computational Mass Spectrometry; Proteomics; Computational Biology; Integrative Bioinformatics; Large Scale Public Data,bioinformatics
957,17431,17431,"Performance Portability in Extreme Scale Computing: Metrics, Challenges, Solutions",performance portability; productivity; parallel programming; scientific computing,modelling / simulation; optimization / scheduling; software engineering
958,17441,17441,Big Stream Processing Systems,Big Data; Big Streams; Stream Processing Systems; Benchmarking; Declarative Programming,data bases / information retrieval; optimization / scheduling; programming languages / compiler
959,17442,17442,Towards Cross-Domain Performance Modeling and Prediction: IR/RecSys/NLP,performance modelling; performance prediction; information retrieval; natural language processing; recommender systems,data bases / information retrieval; modelling / simulation; society / human-computer interaction
960,17451,17451,New Challenges in Parallelism,Concurrent programming; parallel programming,data structures / algorithms / complexity; hardware; programming languages / compiler
961,17452,17452,Algorithmic Cheminformatics,process algebras; petri nets; concurrency theory; graph transformation; reaction networks,networks; semantics / formal methods
962,17461,17461,Connecting Visualization and Data Management Research,Information Visualization; Database Management Systems; Interactive Data Analysis; Human-Centric Computing; Big Data,computer graphics / computer vision; data bases / information retrieval; society / human-computer interaction
963,17462,17462,A Shared Challenge in Behavioural Specification,behavioural specification; runtime verification; temporal logic; dynamic properties,semantics / formal methods; verification / logic
964,17471,17471,Artificial and Computational Intelligence in Games: AI-Driven Game Design,multi-agent systems; game design; serious games; entertainment modeling; dynamical systems,artificial intelligence / robotics; modelling / simulation; multimedia
965,17472,17472,Addressing the Computational Challenges of Personalized Medicine,data science; computational modelling; bioinformatics; systems biology; personalized medicine,artificial intelligence / robotics; bioinformatics; modelling / simulation
966,17481,17481,Reliable Computation and Complexity on the Reals,computable analysis; reliable numerical computation; complexity of real computation; floating-point arithmetic; exact real arithmetic,data structures / algorithms / complexity; semantics / formal methods; verification / logic
967,17491,17491,"Computational Metabolomics: Identification, Interpretation, Imaging",computational metabolomics; computational mass spectrometry; imaging mass spectrometry; bioinformatics; chemoinformatics,bioinformatics
968,17492,17492,Multi-Level Modelling,multi-level modeling; metamodeling,modelling / simulation; software engineering
969,17502,17502,Testing and Verification of Compilers,Compiler Testing; Compiler Verification; Program Analysis; Program Optimization; Code Generation,programming languages / compiler; software engineering; verification / logic
970,18021,18021,Symmetric Cryptography,Symmetric cryptography; cryptanalysis; cryptography for IoT; mass surveillance; AE,security / cryptology
971,18031,18031,Personalized Multiobjective Optimization: An Analytics Perspective,multiobjective optimization; MCDM; EMO; distributed decision making; large data,modelling / simulation; optimization / scheduling; soft computing / evolutionary algorithms
972,18041,18041,Foundations of Data Visualization,Data Visualization; Scientific Visualization; Information Visualization; Visual Analytics,computer graphics / computer vision; society / human-computer interaction
973,18051,18051,Proof Complexity,Proof complexity; computational complexity; logic; bounded arithmetic; satisfiability algorithms,data structures / algorithms / complexity; verification / logic
974,18052,18052,Genetic Improvement of Software,genetic improvement; search-based software engineering; software optimisation; evolutionary improvement; automated software improvement; automated program repair; evolutionary computation; genetic programming,soft computing / evolutionary algorithms; software engineering
975,18061,18061,Evidence About Programmers for Programming Language Design,Human Factors; Programming Language Design; Community Evidence Standards; Domain Specific Languages,programming languages / compiler; society / human-computer interaction; software engineering
976,18071,18071,Planning and Operations Research,Artificial Intelligence; Operations Research; Automated Planning and Scheduling; Real-World Applications,artificial intelligence / robotics; modelling / simulation; optimization / scheduling
977,18081,18081,Designing and Implementing Algorithms for Mixed-Integer Nonlinear Optimization,,data structures / algorithms / complexity; optimization / scheduling
978,18082,18082,Formal Methods for the Synthesis of Biomolecular Circuits,Synthetic biology; electronic design automation; program synthesis and verification,bioinformatics; modelling / simulation; semantics / formal methods
979,18091,18091,"Data Consistency in Distributed Systems: Algorithms, Programs, and Databases",Distributed Computing; Consistency; Replication; Partitioning; Transactions,data bases / information retrieval; programming languages / compiler; verification / logic
980,18092,18092,The Logical Execution Time Paradigm: New Perspectives for Multicore Systems,logical execution time; real-time systems; control; multicore architectures,modelling / simulation; optimization / scheduling; semantics / formal methods
981,18101,18101,Scheduling,Scheduling; Networks; Approximation Algorithms,data structures / algorithms / complexity; networks; optimization / scheduling
982,18102,18102,Dynamic Traffic Models in Transportation Science,dynamic traffic assignment models; algorithms & complexity of traffic equilibrium computation; simulation & network optimization,data structures / algorithms / complexity; modelling / simulation; networks
983,18111,18111,Loop Optimization,Autotuning; dependence analysis; just-in-time (JIT); loop parallelization; parallel programming; polyhedron model,optimization / scheduling; programming languages / compiler; software engineering
984,18112,18112,"Coding Theory for Inference, Learning and Optimization",Coding theory; distributed optimization; machine learning; sparse recovery; threshold phenomena,artificial intelligence / robotics; data structures / algorithms / complexity; optimization / scheduling
985,18121,18121,Machine Learning and Model Checking Join Forces,Machine learning; Artificial Intelligence; Formal Methods; Formal Verification; Logics; Cyber-physical Systems; Quantitative Verification; Model Checking; Safety-critical Systems,artificial intelligence / robotics; semantics / formal methods; verification / logic
986,18122,18122,Automatic Quality Assurance and Release,Software testing; software release; software deployment; Quality assurance; continuous integration,software engineering
987,18151,18151,Program Equivalence,Program equivalence; Regression-verification; Translation validation,semantics / formal methods; verification / logic
988,18152,18152,"Blockchains, Smart Contracts and Future Applications",Blockchains; Smart Contracts; Cryptographic Currency; Incentive Engineering; Consensus Algorithms,security / cryptology; society / human-computer interaction; software engineering
989,18161,18161,Visualization of Biological Data – Crossroads,Visualisation; Visual Analytics; Sequence analysis; Omics; Imaging,bioinformatics; data structures / algorithms / complexity
990,18171,18171,Normative Multi-Agent Systems,Responsibility; Autonomous Systems; Norm-based systems; Control and Coordination,artificial intelligence / robotics; semantics / formal methods; software engineering
991,18172,18172,Algebraic Effect Handlers go Mainstream,algebraic effect handlers; implementation techniques; programming languages; programming abstractions,programming languages / compiler; semantics / formal methods
992,18181,18181,Towards Accountable Systems,security and privacy; law and regulation; cloud computing; Internet of Things; compliance and audit,security / cryptology; society / human-computer interaction; world wide web / internet
993,18182,18182,"Software Business, Platforms, and Ecosystems: Fundamentals of Software Production Research",Software Engineering; Software Ecosystems; Software Business; Software Production; Software Startups,software engineering
994,18201,18201,Secure Compilation,secure compilation; low-level attacks and defenses; security architectures; compiler verification; full abstraction,hardware; programming languages / compiler; security / cryptology
995,18202,18202,Inter-Vehicular Communication Towards Cooperative Driving,vehicular networking; automated driving; cooperative driving; road traffic safety,mobile computing; networks
996,18212,18212,On-Body Interaction: Embodied Cognition Meets Sensor/Actuator Engineering to Design New Interfaces,Human-Computer interaction; embodied cognition; user interface software and technology,society / human-computer interaction
997,18231,18231,The Constraint Satisfaction Problem: Complexity and Approximability,constraint satisfaction problem (CSP); computational complexity; CSP dichotomy conjecture; hardness of approximation; unique games conjecture; parameterized complexity; descriptive complexity; universal algebra; logic; semidefinite programming,data structures / algorithms / complexity
998,18241,18241,High-Performance Graph Algorithms,graph algorithms; algorithm engineering; high-performance computing; combinatorial scientific computing; theoretical computer science,data structures / algorithms / complexity; networks; optimization / scheduling
999,18242,18242,Secure Routing for the Internet,Internet security; secure routing; communication networks; future internet; privacy and anonymity; mobile and wireless networks,networks; security / cryptology
1000,18251,18251,Database Architectures for Modern Hardware,Database systems; Computer Architecture; Hardware Support for Databases; Co-Processors; Non-Volatile Memory,data bases / information retrieval; data structures / algorithms / complexity; hardware
1001,18252,18252,Ubiquitous Gaze Sensing and Interaction,eye tracking; signal processing; pattern analysis; user modeling; ubiquitous computing,computer graphics / computer vision; mobile computing; society / human-computer interaction
1002,18261,18261,Discipline Convergence in Networked Systems,Networked systems; Computer architecture; rackscale computers; cloud computing; big data.,hardware; networks; operating systems
1003,18262,18262,10 Years of Web Science: Closing The Loop,Web Science; Social Experiments; Intervention; Nudging,society / human-computer interaction; world wide web / internet
1004,18271,18271,In Situ Visualization for Computational Science,in situ visualization; large-scale visualization; scientific data analysis; applications of visualization; computational science,computer graphics / computer vision; data structures / algorithms / complexity; modelling / simulation
1005,18281,18281,"Synergies between Adaptive Analysis of Algorithms, Parameterized Complexity, Compressed Data Structures and Compressed Indices",Adaptive (analysis of) algorithms; compressed data structures; compressed indices; parameterized complexity.,data structures / algorithms / complexity
1006,18291,18291,Extreme Classification,algorithms and complexity; machine learning; artificial intelligence; computer vision,artificial intelligence / robotics; computer graphics / computer vision; data structures / algorithms / complexity
1007,18321,18321,Web Application Security,Web Security,security / cryptology; world wide web / internet
1008,18322,18322,Human-Computer Integration,Embodiment; mobile computing; CSCW,artificial intelligence / robotics; mobile computing; society / human-computer interaction
1009,18331,18331,Algorithmic Foundations of Programmable Matter,Distributed algorithms; computational geometry; swarm robotics; DNA computing; programmable matter,artificial intelligence / robotics; data structures / algorithms / complexity
1010,18332,18332,Blockchain Technology for Collaborative Information Systems,blockchain; business process modeling; information processing systems,modelling / simulation; networks; semantics / formal methods
1011,18341,18341,Formalization of Mathematics in Type Theory,formalized mathematics; type theory; proof assistant; formal methods,semantics / formal methods; verification / logic
1012,18351,18351,Modeling for Sustainability,modeling; sustainability; engineering,modelling / simulation; society / human-computer interaction; software engineering
1013,18361,18361,Measuring the Complexity of Computational Content: From Combinatorial Problems to Analysis,Computability and complexity; combinatorial problems; reducibilities; computational complexity; reverse and constructive mathematics,data structures / algorithms / complexity; verification / logic
1014,18371,18371,Knowledge Graphs: New Directions for Knowledge Representation on the Semantic Web,Semantic Web; Knowledge Representation; Ontologies; Linked Data; Knowledge Graphs,artificial intelligence / robotics; semantics / formal methods; world wide web / internet
1015,18381,18381,Quantum Programming Languages,quantum computing; reversible computing; functional programming; compilers; verification,data structures / algorithms / complexity; programming languages / compiler
1016,18391,18391,Algebraic Methods in Computational Complexity,computational complexity; algebra; (de)randomization; circuits; coding,data structures / algorithms / complexity
1017,18401,18401,Automating Data Science,data science; artificial intelligence; automated machine learning; automated scientific discovery; inductive programming,artificial intelligence / robotics; data bases / information retrieval; programming languages / compiler
1018,18411,18411,Progressive Data Analysis and Visualization,visualization; visual analytics; database; big-data; human-computer interaction,artificial intelligence / robotics; data bases / information retrieval; society / human-computer interaction
1019,18412,18412,Encouraging Reproducibility in Scientific Research of the Internet,computer networks; reproducibility,networks; world wide web / internet
1020,18421,18421,"Algorithmic Enumeration: Output-sensitive, Input-Sensitive, Parameterized, Approximative",Output-sensitive enumeration; Input-sensitive enumeration; algorithms,data structures / algorithms / complexity
1021,18422,18422,"Shape Analysis: Euclidean, Discrete and Algebraic Geometric Methods",shape analysis; shape reconstruction; mathematical morphology; algebraic geometry; optimization,computer graphics / computer vision; modelling / simulation; optimization / scheduling
1022,18431,18431,Computational Aspects of Fabrication,Computational Fabrication; 3D Printing; 4D Printing; Geometric Modeling; Shape Perception,computer graphics / computer vision
1023,18441,18441,Data Physicalization,Information visualization; human-computer interaction; data physicalization; beyond-desktop visualization; perception,society / human-computer interaction
1024,18442,18442,"Visualization and Processing of Anisotropy in Imaging, Geometry, and Astronomy",tensor fields; anisotropy; diffusion-weighted imaging (DWI); geometry; astronomy,computer graphics / computer vision
1025,18451,18451,"Genomics, Pattern Avoidance, and Statistical Mechanics",permutation patterns; genomics; algorithms; modeling; evolutionary distance,bioinformatics; data structures / algorithms / complexity; modelling / simulation
1026,18461,18461,Blockchain Security at Scale,distributed consensus protocols; authenticated data structures; blockchain technology; security foundations; security economics,data structures / algorithms / complexity; modelling / simulation; security / cryptology
1027,18462,18462,Provenance and Logging for Sense Making,Visual Analytics; Provenance; Logging; Sensemaking; Reproducible Science,computer graphics / computer vision; data bases / information retrieval; society / human-computer interaction
1028,18471,18471,Next Generation Domain Specific Conceptual Modeling: Principles and Methods,Conceptual Modeling Methodology; Modeling Technique; Domain Specific Modeling Method; Ontology; Model Based Reasoning,modelling / simulation; semantics / formal methods
1029,18472,18472,Implementing FAIR Data Infrastructures,Open Science; Open Data; FAIR principles; Research Data Infrastructures,data bases / information retrieval; semantics / formal methods
1030,18481,18481,High Throughput Connectomics,Connectomics; Big Data; Parallel Computing; Distributed Computing; Machine Learning,data structures / algorithms / complexity
1031,18482,18482,Network Visualization in the Humanities,digital humanities; network visualization; graph drawing; distant reading; human computer interaction,computer graphics / computer vision; data structures / algorithms / complexity; networks
1032,18491,18491,Multidirectional Transformations and Synchronisations,Multidirectional model transformation; synchronisation; consistency; traceability; model-driven development,data bases / information retrieval; programming languages / compiler; software engineering
1033,18511,18511,"Algebraic Coding Theory for Networks, Storage, and Security",distributed storage; network coding; coding theory; cryptography; privacy,data structures / algorithms / complexity; networks; security / cryptology
1034,19021,19021,Joint Processing of Language and Visual Data for Better Automated Understanding,Image and video captioning; human language grounding; visual understanding; language understanding; language generation; generation of visuals; world and common sense knowledge; deep learning,artificial intelligence / robotics; computer graphics / computer vision; multimedia
1035,19031,19031,Logics for Dependence and Independence,dependence logic; mathematical logic; computational complexity; finite model theory; game theory,data structures / algorithms / complexity; verification / logic
1036,19032,19032,Conditional Logics and Conditional Reasoning: New Joint Perspectives,Conditionals; Psychology of reasoning; Commonsense Reasoning; Proof theory; Correspondence theory,artificial intelligence / robotics; verification / logic
1037,19041,19041,New Horizons in Parameterized Complexity,Parameterized Complexity; fixed-parameter tractability; Mathematical Programming; Approximation,data structures / algorithms / complexity
1038,19042,19042,Practical Yet Composably Secure Cryptographic Protocols,Security Models; Universally Composability; Provably Secure Protocols; Applied Cryptography; Cryptographic Protocols; Practical Protocols.,security / cryptology
1039,19051,19051,Data Structures for the Cloud and External Memory Data,Data structures; algorithms; cloud computing; large data sets; external memory methods; big data; web-scale,data structures / algorithms / complexity
1040,19052,19052,Computational Methods for Melody and Voice Processing in Music Recordings,music information retrieval; music processing; singing voice processing; audio signal processing; machine learning,data bases / information retrieval; multimedia; society / human-computer interaction
1041,19061,19061,Visual Analytics of Multilayer Networks Across Disciplines,Multilayer Network Visualization; Complex Systems; Graph Visualization; Visual Analytics; Social Network Analysis; Biological Networks; Geographic Networks,data structures / algorithms / complexity; society / human-computer interaction
1042,19062,19062,"Bringing CP, SAT and SMT together: Next Challenges in Constraint Solving",Automated Decision Procedures; Constraint Programming; SAT/SMT,security / cryptology; software engineering; verification / logic
1043,19071,19071,Specification Formalisms for Modern Cyber-Physical Systems,specifications; requirements; monitoring; verification; cyber-physical systems,artificial intelligence / robotics; semantics / formal methods; verification / logic
1044,19072,19072,The Role of Non-Monotonic Reasoning in Future Development of Artificial Intelligence,nonmonotonic and defeasible reasoning; commonsense reasoning; default and plausible reasoning; conditional reasoning; probabilistic and uncertain reasoning,artificial intelligence / robotics; semantics / formal methods; verification / logic
1045,19081,19081,Verification and Synthesis of Human-Robot Interaction,Human-Robot Interaction; Verification; Synthesis; Formal Methods; Testing,artificial intelligence / robotics; society / human-computer interaction; verification / logic
1046,19082,19082,AI for the Social Good,artificial intelligence; machine learning; non-governmental organizations; international development; humanitarian,artificial intelligence / robotics; society / human-computer interaction
1047,19092,19092,"Beyond-Planar Graphs: Combinatorics, Models and Algorithms",Graph drawing; geometric algorithms; combinatorial geometry; graph algorithms; graph theory; network visualization,data structures / algorithms / complexity; networks
1048,19101,19101,"Analysis, Design, and Control of Predictable Interconnected Systems",real-time systems; network calculus; distributed resource management,networks; optimization / scheduling
1049,19102,19102,3D Morphable Models,3D Computer Vision; Computer Graphics; Statistical Modelling; Analysis-by-Synthesis; Generative Models,computer graphics / computer vision
1050,19111,19111,Theoretical Foundations of Storage Systems,Storage Systems; External Memory Algorithms,data structures / algorithms / complexity; hardware; operating systems
1051,19112,19112,Engineering Reliable Multiagent Systems,agent-oriented programming; software and verification methodologies; multi agent systems; reliability,semantics / formal methods; software engineering; verification / logic
1052,19121,19121,Computational Complexity of Discrete Problems,computational complexity; circuit complexity; communication complexity; randomness; parametrisation,data structures / algorithms / complexity
1053,19131,19131,Algorithmic Problems in Group Theory,group theory; circuit complexity; finite automata; algorithms on compressed structures; generic-case complexity,data structures / algorithms / complexity
1054,19132,19132,Users and Automated Driving Systems: How Will We Interact with Tomorrow's Vehicles?,human-computer interaction; automated driving,mobile computing; society / human-computer interaction
1055,19141,19141,Programmable Network Data Planes,networks; Programmable data planes; programming languages; network verification,hardware; networks; programming languages / compiler
1056,19151,19151,Visual Computing in Materials Sciences,Visual Computing; Materials Science; Visualization / Visual Analysis; Data Structures; Interaction,computer graphics / computer vision; data structures / algorithms / complexity; modelling / simulation
1057,19152,19152,Emerging Hardware Techniques and EDA Methodologies for Neuromorphic Computing,Neuromorphic computing; nanotechnology; hardware design; electronic design automation; reliability and robustness,artificial intelligence / robotics; hardware; modelling / simulation
1058,19171,19171,"Ethics and Trust: Principles, Verification and Validation",Verification; Artificial Morality; Social Robotics; Machine Ethics; Autonomous Systems; Explainable AI; Safety; Trust; Mathematical Philosophy; Robot Ethics,artificial intelligence / robotics; society / human-computer interaction; verification / logic
1059,19172,19172,Computational Creativity Meets Digital Literary Studies,computational creativity; storytelling; digital humanities; digital literary studies; computational narrativity,artificial intelligence / robotics; multimedia; society / human-computer interaction
1060,19181,19181,Computational Geometry,Combinatorics; complexity; algorithms; geometric computing; implementation; applications; monitoring and shape data; high-dimensional computational geometry.,data structures / algorithms / complexity
1061,19182,19182,Multi-Document Information Consolidation,cross-document representations; cross-document inference; information validation; decision support systems,artificial intelligence / robotics; data bases / information retrieval; semantics / formal methods
1062,19191,19191,Software Evolution in Time and Space: Unifying Version and Variability Management,software configuration management; versioning; variability management; software product lines; empirical evaluation,modelling / simulation; software engineering
1063,19192,19192,Visual Analytics for Sets over Time and Space,information visualization; visual analytics; set visualization; geovisualization; cartography; graph drawing,data structures / algorithms / complexity; networks; society / human-computer interaction
1064,19202,19202,Approaches and Applications of Inductive Programming,inductive logic programming; enduser programming; probabilistic programming; human-like computing; explainable AI,artificial intelligence / robotics; programming languages / compiler; society / human-computer interaction
1065,19211,19211,Enumeration in Data Management,Enumeration; polynomial delay; constant delay; dynamic complexity; databases; query evaluation,data bases / information retrieval; data structures / algorithms / complexity; verification / logic
1066,19212,19212,"Topology, Computation and Data Analysis",computational topology; topological data analysis,data structures / algorithms / complexity
1067,19222,19222,Control of Networked Cyber-Physical Systems,Cyber-Physical Systems; Cyber-Physical Networks; Communication; Control Theory,modelling / simulation; networks; optimization / scheduling
1068,19231,19231,Empirical Evaluation of Secure Development Processes,empirical software engineering; usable security for developers,security / cryptology; society / human-computer interaction; software engineering
1069,19232,19232,"Ubiquitous Computing Education: Why, What, and How",Ubiquitous Computing; Education; Active Learning; Computing education research; Human Computer Interaction,mobile computing; society / human-computer interaction
1070,19241,19241,25 Years of the Burrows-Wheeler Transform,Burrows-Wheeler Transform; Data Compression; Indexing; Sequence Alignment,bioinformatics; data bases / information retrieval; data structures / algorithms / complexity
1071,19261,19261,Distributed Computing with Permissioned Blockchains and Databases,blockchain technology; distributed systems; smart contracts; database systems; data science; privacy; cryptocurrency,data bases / information retrieval; security / cryptology; world wide web / internet
1072,19262,19262,Astrographics: Interactive Data-Driven Journeys through Space,data visualization; immersive environments; astronomy; space exploration; planetariums,computer graphics / computer vision; modelling / simulation; society / human-computer interaction
1073,19271,19271,Graph Colouring: from Structure to Algorithms,(certifying / parameterized / polynomial-time) algorithms; computational complexity; graph colouring; hereditary graph classes,data structures / algorithms / complexity
1074,19272,19272,Real VR – Importing the Real World into Immersive VR and Optimizing the Perceptual Experience of Head-Mounted Displays,Real-world Virtual Reality; Immersive Digital Reality; Perception in VR,computer graphics / computer vision
1075,19281,19281,Notional Machines and Programming Language Semantics in Education,formal semantics; misconceptions; notional machines; computing education research,programming languages / compiler; semantics / formal methods; society / human-computer interaction
1076,19282,19282,Data Series Management,sequences; time series; data series analytics; machine learning; data systems,data bases / information retrieval; data structures / algorithms / complexity
1077,19291,19291,Values in Computing,computing in society; responsible innovation; sustainability informatics; computer ethics; philosophy of technology and moral philosophy.,society / human-computer interaction; software engineering
1078,19292,19292,Mobile Data Visualization,Mobile Computing; Data Visualization; Information Visualization; Ubiquitous Computing; Human-Computer Interaction,mobile computing; society / human-computer interaction
1079,19301,19301,Secure Composition for Hardware Systems,Secure composition; Hardware-oriented security; Secure architectures; Physical attacks and countermeasures,hardware; security / cryptology
1080,19302,19302,Cybersafety Threats – from Deception to Aggression,online scam; cyberbullying; fake news and propaganda; social media; usable security and privacy; ethical and legal research,security / cryptology; society / human-computer interaction; world wide web / internet
1081,19331,19331,Software Protection Decision Support and Evaluation Methodologies,man-at-the-end attacks; software protection; predictive models; metrics; reverse engineering and tampering,security / cryptology
1082,19341,19341,Algorithms and Complexity for Continuous Problems,tractability analysis; computational stochastics; computing and complexity in infinite dimensions; discrepancy theory; applied harmonic analysis,data structures / algorithms / complexity
1083,19342,19342,"Advances and Challenges in Protein-RNA Recognition, Regulation and Prediction",machine learning; computational biology; genomics; gene regulation; RNA,bioinformatics; data structures / algorithms / complexity; modelling / simulation
1084,19351,19351,Computational Proteomics,Computational Mass Spectrometry; Computational Biology; Proteomics,bioinformatics
1085,19352,19352,Computation in Low-Dimensional Geometry and Topology,mathematics; topology; trajectories; graph drawing; knots,data structures / algorithms / complexity
1086,19361,19361,Logic and Learning,machine learning; logic; databases; verification; computational complexity,artificial intelligence / robotics; data bases / information retrieval; verification / logic
1087,19371,19371,Deduction Beyond Satisfiability,automated deduction; abduction; interpolation; synthesis; quantifier elimination,artificial intelligence / robotics; semantics / formal methods; verification / logic
1088,19381,19381,Application-Oriented Computational Social Choice,Social Choice; Multi-Agent Systems; AI for the Social Good; Collective Decision Making,artificial intelligence / robotics; data structures / algorithms / complexity
1089,19391,19391,Data Ecosystems: Sovereign Data Exchange among Organizations,Data ecosystems; data supply chains; sovereign and secure data exchange among organizations,data bases / information retrieval; security / cryptology; software engineering
1090,19401,19401,Comparative Theory for Graph Polynomials,Graph Polynomials; Graph and Matroid Invariants; Tutte polynomial; Topological and Algebraic Graph Theory,data structures / algorithms / complexity; networks; verification / logic
1091,19411,19411,Social Agents for Teamwork and Group Interactions,Social agents; social robotics; multi-agent systems; human-agent interaction; groups and teams.,artificial intelligence / robotics
1092,19421,19421,Quantum Cryptanalysis,Quantum computing; post-quantum cryptography; quantum hardware and resource estimation,data structures / algorithms / complexity; security / cryptology
1093,19431,19431,Theory of Randomized Optimization Heuristics,heuristic optimization; black-box optimization; evolutionary algorithms; randomized search algorithms; theoretical computer science; control theory; benchmarking,soft computing / evolutionary algorithms
1094,19432,19432,Analysis of Autonomous Mobile Collectives in Complex Physical Environments,autonomous collectives; formal verification; hybrid systems; control engineering; uncertainty and risk,artificial intelligence / robotics; modelling / simulation; verification / logic
1095,19442,19442,Programming Languages for Distributed Systems and Distributed Data Management,distributed programming; big data processing; distributed computing; distributed data management; cloud computing,data bases / information retrieval; operating systems; programming languages / compiler
1096,19443,19443,Algorithms and Complexity in Phylogenetics,approximation algorithms; evolution; parameterized algorithms; phylogenetic trees and networks,bioinformatics; data structures / algorithms / complexity
1097,19451,19451,Biggest Failures in Security,Security Engineering; Cryptography; Hardware; Usability; Software Engineering,security / cryptology; society / human-computer interaction
1098,19452,19452,Machine Learning Meets Visualization to Make Artificial Intelligence Interpretable,Visualization; Machine Learning; Interpretability,artificial intelligence / robotics; society / human-computer interaction
1099,19461,19461,Conversational Search,Information Retrieval; Discourse and Dialogue; Interactive Systems; Human-Machine Interaction; User Simulation,artificial intelligence / robotics; data bases / information retrieval; society / human-computer interaction
1100,19471,19471,BOTse: Bots in Software Engineering,Software engineering; Bots; Chatbots; Automated software development; Collaborative software development; DevOps; CSCW; NLP,society / human-computer interaction; software engineering
1101,19481,19481,Composing Model-Based Analysis Tools,Model-driven Engineering; Metamodeling; Analysis; Modularization; Composition,modelling / simulation; semantics / formal methods; software engineering
1102,19482,19482,"Diversity, Fairness, and Data-Driven Personalization in (News) Recommender System",Information filtering and recommender systems; Algorithmic bias and data quality; Balancing diversity and personalization; Fair and transparent machine learning systems; News personalization; Political content and polarization; Democratic theory,artificial intelligence / robotics; data bases / information retrieval; society / human-computer interaction
1103,19491,19491,Big Graph Processing Systems,Big Data; Big Graphs; Graph Processing Systems,data bases / information retrieval; world wide web / internet
1104,19502,19502,Future Automotive HW/SW Platform Design,Automotive; HW/SW Platforms; Real-Time Systems; Systems Design Automation,modelling / simulation; optimization / scheduling; semantics / formal methods
1105,19511,19511,Artificial and Computational Intelligence in Games: Revolutions in Computational Game AI,computational intelligence; artificial intelligence; game theory; optimization; games,artificial intelligence / robotics; data structures / algorithms / complexity; optimization / scheduling
1106,19512,19512,Interactive Design and Simulation,physical simulation; open-source toolkits; design-analysis cycle; 3D printing; virtual worlds and interactive training,computer graphics / computer vision; modelling / simulation
1107,20021,20021,Spoken Language Interaction with Virtual Agents and Robots (SLIVAR): Towards Effective and Ethical Interaction,spoken language technology; human-robot interaction; embodied conversational agents,artificial intelligence / robotics; society / human-computer interaction
1108,20031,20031,Scalability in Multiobjective Optimization,multiobjective optimization; multiple criterion decision making; evolutionary multiobjective optimization; EMO; MCDM,modelling / simulation; optimization / scheduling; soft computing / evolutionary algorithms
1109,20041,20041,Symmetric Cryptography,Symmetric cryptography; (quantum) cryptanalysis; constrained platforms,security / cryptology
1110,20051,20051,Computational Metabolomics: From Cheminformatics to Machine Learning,Computational metabolomics; computational mass spectrometry; bioinformatics; chemoinformatics; machine learning,artificial intelligence / robotics; bioinformatics
1111,20061,20061,SAT and Interactions,satisfiability problems; computational and proof complexity; combinatorics; solvers for satisfiability problems; non-classical logics,data structures / algorithms / complexity
1112,20071,20071,Foundations of Composite Event Recognition,Complex Event Processing; Pattern Matching; Stream Reasoning; Temporal Reasoning; Event Algebra,artificial intelligence / robotics; data bases / information retrieval; semantics / formal methods
1113,20081,20081,Scheduling,scheduling; traffic; routing; approximation algorithms; mechanism design,optimization / scheduling
1114,20091,20091,SE4ML – Software Engineering for AI-ML-based Systems,Correctness / explainability / traceability / fairness for ML; Debugging/ testing / verification for ML systems; Data scientist productivity,artificial intelligence / robotics; programming languages / compiler; software engineering
1115,20101,20101,Resiliency in Numerical Algorithm Design for Extreme Scale Simulations,parallel computer architecture; fault tolerance; checkpointing; supercomputer applications,data structures / algorithms / complexity; modelling / simulation
1116,20111,20111,Tensor Computations: Applications and Optimization,Compilers; numerical methods; linear algebra; machine learning; computational science,data structures / algorithms / complexity; programming languages / compiler
1117,20372,20372,Beyond Adaptation: Understanding Distributional Changes,statistical machine learning; data streams; concept drift; non-stationary non-iid data; change mining,artificial intelligence / robotics
1118,20382,20382,Interactive Visualization for Fostering Trust in AI,Interactive visualization; machine learning; trust; responsibility; understandability,Graphics; Human-Computer Interaction; Machine Learning
1119,20414,20414,Klausurtagung ISTE SQA,,CS.SE - Software Engineering; CS.PF - Performance
1120,20452,20452,Decision-Making Modeling and Solutions for Smart Semiconductor Manufacturing,Modeling; Simulation; Smart Manufacturing; Analytics; Semiconductor Manufacturing,Multiagent Systems; Other Computer Science; Systems and Control
1121,21071,21071,Scalable Data Structures,Data structures; algorithms; computational models; big data; parallel computation,data bases / information retrieval; data structures / algorithms / complexity
1122,21072,21072,Autonomous Agents on the Web,Web Architecture; Web of Things; Linked Data; Semantic Web; Multi-Agent Systems,Artificial Intelligence; Multiagent Systems; Other Computer Science
1123,21121,21121,Computational Complexity of Discrete Problems,computational complexity; circuit complexity; communication complexity; randomness; lower bounds,Computational Complexity; Data Structures and Algorithms
1124,21152,21152,Multi-Level Graph Representation for Big Data Arising in Science Mapping,Science of science; Multi-level graph algorithms; network visualization,Data Structures and Algorithms; Human-Computer Interaction; Social and Information Networks
1125,21171,21171,"Temporal Graphs: Structure, Algorithms, Applications",Models and Classes; Complex Network Analysis; Parameterized Complexity Analysis; Algorithm Engineering; Distributed Computing,Data Structures and Algorithms; Discrete Mathematics; Social and Information Networks
1126,21181,21181,Computational Geometry,Computational Geometry; Geometry; Topology; Discrete Geometry; Combinatorics; Complexity; Algorithms; Geometric computing; Data structures,Computational Geometry
1127,21192,21192,Approaches and Applications of Inductive Programming,Interpretable Machine Learning; Explainable Artificial Intelligence; Interactive Learning; Human-like Computing; Inductive Logic Programming,Artificial Intelligence; Human-Computer Interaction; Machine Learning
1128,21201,21201,Serverless Computing,serverless computing; cloud continuum; software architecture; systems management; vision,Distributed / Parallel / and Cluster Computing; Emerging Technologies; Software Engineering
1129,21231,21231,Transparency by Design,Algorithmic transparency; fairness; accountability; AI ethics; computers and society; Artificial Intelligence; Software Engineering; Human-Computer Interaction; machine learning; software methodologies; user modelling; intelligent user interfaces,artificial intelligence / robotics; society / human-computer interaction; software engineering
1130,21232,21232,Human-Computer Interaction to Support Work and Wellbeing in Mobile Environments,HCI; automation; work; wellbeing,Computers and Society; Emerging Technologies; Human-Computer Interaction
1131,21243,21243,Compute-First Networking,networking; distributed systems; in-network computing; edge-computing,data structures / algorithms / complexity; networks
1132,21261,21261,Quantum Complexity: Theory and Application,Quantum computation; complexity theory; many-body systems; proof and verification systems; quantum supremacy,data structures / algorithms / complexity
1133,21262,21262,Inter-Vehicular Communication – From Edge Support to Vulnerable Road Users,Intelligent transportation systems; Vehicle-to-vehicle communication; Vehicle-to-infrastructure com- munication; Cooperative driving; Tactile internet; 5G; Edge Computing; Low latency communication; Vulnerable Road Users; Pedestrians; Bicyclists,Emerging Technologies; Networking and Internet Architecture
1134,21271,21271,Computational Proteomics,Bioinformatics; Proteomics; Computational Mass Spectrometry; Machine Learning,Machine Learning; Other Computer Science
1135,21272,21272,Towards Climate-Friendly Internet Research,carbon-footprint; energy efficient networking; climate-change,Networking and Internet Architecture
1136,21283,21283,Data Structures for Modern Memory and Storage Hierarchies,persistent memory; non-volatile memory; SSD; database systems; storage,Data Structures and Algorithms; Databases; Performance
1137,21292,21292,Scalable Handling of Effects,algebraic effects; delimited control; effect handlers; scalability; type systems,programming languages / compiler; semantics / formal methods
1138,21293,21293,Parameterized Complexity in Graph Drawing,Graph Drawing; Parameterized Complexity; Graph Algorithms; Exact Computation,Computational Geometry; Data Structures and Algorithms
1139,21301,21301,Matching Under Preferences: Theory and Practice,Matching under preferences; market design; organ exchange; stable matching,artificial intelligence / robotics; data structures / algorithms / complexity; society / human-computer interaction
1140,21302,21302,Approximate Systems,approximate computing; energy-efficient computing; pareto optimization,hardware; programming languages / compiler
1141,21331,21331,Coalition Formation Games,coalition formation games; hedonic games; preferences; cooperative game theory,Computational Complexity; Computer Science and Game Theory; Social and Information Networks
1142,21332,21332,Understanding I/O Behavior in Scientific and Data-Intensive Computing,I/O performance measurement; understanding user I/O patterns; HPC I/O; I/O Characterization,Distributed / Parallel / and Cluster Computing; Information Retrieval; Performance
1143,21342,21342,Identifying Key Enablers in Edge Intelligence,Edge Computing; Communication Networks; Artificial Intelligence; Intelligent Networking,Artificial Intelligence; Distributed / Parallel / and Cluster Computing; Networking and Internet Architecture
1144,21352,21352,Higher-Order Graph Models: From Theoretical Foundations to Machine Learning,topological data analysis; (social) network analysis; graph theory; statistical relational learning; graph mining,Data Structures and Algorithms; Machine Learning; Social and Information Networks
1145,21351,21351,Universals of Linguistic Idiosyncrasy in Multilingual Computational Linguistics,computational linguistics; morphosyntax; multiword expressions; language universals; idiosyncrasy,artificial intelligence / robotics
1146,21361,21361,Extending the Synergies Between SAT and Description Logics,propositional satisfiability; description logics; standard and non-standard inferences; reasoning services,artificial intelligence / robotics; verification / logic
1147,21362,21362,Structure and Learning,neural-symbol unification; knowledge graph; machine learning,Artificial Intelligence; Machine Learning; Symbolic Computation
1148,21371,21371,Integrated Deduction,deduction; logic; automated theorem proving; reasoning; SMT solving,Artificial Intelligence; Logic in Computer Science; Symbolic Computation
1149,21372,21372,Behavioural Types: Bridging Theory and Practice,concurrency; behavioural types; session types; programming languages,Logic in Computer Science; Programming Languages; Software Engineering
1150,21381,21381,Conversational Agent as Trustworthy Autonomous System (Trust-CA),Conversational agents; Trust; Trustworthiness; Human-chatbot collaboration; Voice emotion,Artificial Intelligence; Human-Computer Interaction; Robotics
1151,21391,21391,"Sparsity in Algorithms, Combinatorics, and Logic",algorithm design; parameterized complexity; sparse graphs; graph decompositions; model theory,data structures / algorithms / complexity
1152,21401,21401,Visualization of Biological Data – From Analysis to Communication,Interdisciplinarity; Informatics; Biology; Computational biology; Visualization,bioinformatics; computer graphics / computer vision; modelling / simulation
1153,21402,21402,"Digital Disinformation: Taxonomy, Impact, Mitigation, and Regulation",disinformation; fake news; artificial intelligence; trust in media; geopolitics,artificial intelligence / robotics; society / human-computer interaction; world wide web / internet
1154,21411,21411,Machine Learning in Sports,sports; machine learning; computer vision; sensors,artificial intelligence / robotics; computer graphics / computer vision
1155,21421,21421,Quantum Cryptanalysis,quantum computing; post-quantum cryptography; quantum resource estimation; computational algebra,Cryptography and Security; Emerging Technologies
1156,21431,21431,Rigorous Methods for Smart Contracts,Smart Contracts; Program Verification; Programming Languages; Cryptographic Protocols; Automated Reasoning,security / cryptology; semantics / formal methods; verification / logic
1157,21432,21432,Probabilistic Numerical Methods – From Theory to Implementation,Machine Learning; Numerical Analysis; Probabilistic Numerics,Machine Learning; Mathematical Software; Numerical Analysis
1158,21441,21441,Adaptive Resource Management for HPC Systems,High Performance Computing; Programming Tools; Power Management; Resource Management,modelling / simulation; operating systems; optimization / scheduling
1159,21442,21442,Ensuring the Reliability and Robustness of Database Management Systems,Automatic Testing; Formal Methods; Verification; Database Management Systems; SQL,Databases; Software Engineering
1160,21451,21451,Managing Industrial Control Systems Security Risks for Cyber Insurance,Security; Production Systems Engineering; SCADA & ICS; Industry 4.0; Risk Engineering & Management,security / cryptology
1161,21452,21452,Unambiguity in Automata Theory,Automata Theory; Unambiguity; Ambiguity; Determinism; Nondeterminism,Computational Complexity; Formal Languages and Automata Theory; Logic in Computer Science
1162,21461,21461,Descriptive Set Theory and Computable Topology,computable analysis; quasi-Polish spaces; synthetic topology; enumeration degrees,data structures / algorithms / complexity; semantics / formal methods; verification / logic
1163,21462,21462,Foundations of Persistent Programming,non-volatile-memory; persistency; semantics; weak memory models; concurrency,Distributed / Parallel / and Cluster Computing; Programming Languages
1164,21471,21471,Geometric Modeling: Interoperability and New Challenges,Geometric modelling; Shape design; Geometry; Computer graphics; Geometry processing; Isogeometric analysis; Artificial Intelligence; Additive manufacturing; Design optimization,artificial intelligence / robotics; modelling / simulation; optimization / scheduling
1165,21472,21472,"Geometric Logic, Constructivisation, and Automated Theorem Proving",geometric logic; constructivisation; automated theorem proving; proof theory; categorical semantics,data structures / algorithms / complexity; semantics / formal methods; verification / logic
1166,21481,21481,Secure Compilation,secure compilation; low-level attacks; source-level reasoning; attacker models; full abstraction; hyperproperties; enforcement mechanisms; compartmentalization; security architectures; side-channels,programming languages / compiler; security / cryptology; semantics / formal methods
1167,21492,21492,Representing and Solving Spatial Problems,Knowledge representation; Problem Solving; Spatial Reasoning; Language analysis and cognitive processes,artificial intelligence / robotics; modelling / simulation; semantics / formal methods
1168,22021,22021,Mobility Data Science,Data science; mobility; contact tracing; transportation; privacy,Databases; Machine Learning; Other Computer Science
1169,22022,22022,Mobility Data Analysis: From Technical to Ethical,mobility data analysis; privacy; ethics; artificial intelligence; machine learning,Artificial Intelligence; Databases; Machine Learning
1170,22031,22031,Bringing Graph Databases and Network Visualization Together,graph databases; network visualization; visual analytics,Data Structures and Algorithms; Databases; Human-Computer Interaction
1171,22042,22042,Privacy Protection of Automated and Self-Driving Vehicles,Privacy and Data Protection; Automotive Security and Privacy,Computers and Society; Cryptography and Security; Emerging Technologies
1172,22051,22051,Finite and Algorithmic Model Theory,finite model theory; descriptive complexity; random structures and combinatorics; database theory; automata and game theory,Logic in Computer Science
1173,22052,22052,The Human Factors Impact of Programming Error Messages,Compiler Error Messages; Computer Science Education; Empirical Studies; Human Factors; Programming Language Design,Human-Computer Interaction; Programming Languages; Software Engineering
1174,22061,22061,Logic and Random Discrete Structures,Logic; Model theory; Random Graphs; Combinatorics; Complexity theory,Databases; Discrete Mathematics; Logic in Computer Science
1175,22062,22062,Computation and Reconfiguration in Low-Dimensional Topological Spaces,Curve; Graph; Surface; Geometric Topology; Reconfiguration; ,Computational Complexity; Computational Geometry; Data Structures and Algorithms
1176,22072,22072,New Perspectives in Symbolic Computation and Satisfiability Checking,Symbolic Computation; Satisfiability Checking; SMT Solvers; Computer Algebra Systems; Verification.,Logic in Computer Science; Mathematical Software; Symbolic Computation
1177,22081,22081,Theory of Randomized Optimization Heuristics,black-box optimization; evolutionary and genetic algorithms; stochastic gradient descent; randomized search algorithms; theoretical computer science; derivative-free optimization,Neural and Evolutionary Computing
1178,22082,22082,Deep Learning and Knowledge Integration for Music Audio Analysis,Music information retrieval; Audio signal processing; Deep learning; Knowledge representation; User interaction and interfaces,Information Retrieval; Machine Learning; Sound
1179,22091,22091,AI for the Social Good,artificial intelligence; machine learning; social good; humanitarian; development,Artificial Intelligence; Computers and Society; Machine Learning
1180,22101,22101,Tensor Computations: Applications and Optimization,compilers; computational science; linear algebra; machine learning; numerical methods,Computational Engineering / Finance / and Science; Machine Learning; Mathematical Software
1181,22102,22102,Computational Models of Human-Automated Vehicle Interaction,human-automation interaction; computational models; automated vehicles,Artificial Intelligence; Human-Computer Interaction; Machine Learning
1182,22111,22111,Database Indexing and Query Processing,database; query; optimization; execution; hardware; performance,Databases
1183,22121,22121,3D Morphable Models and Beyond,Analysis-by-Synthesis; Generative Models; Implicit Representations; Neural Rendering; Inverse Rendering,Computer Vision and Pattern Recognition; Graphics; Machine Learning
1184,22131,22131,Framing in Communication: From Theories to Computation,Communication Strategies; Discourse and Dialogue; Computational Argumentation; Natural Language Processing; Social Media Analytics,Artificial Intelligence; Computation and Language; Computers and Society
1185,22132,22132,Graph Embeddings: Theory Meets Practice,machine learning for graphs; graph embedding,Discrete Mathematics; Machine Learning; Neural and Evolutionary Computing
1186,22141,22141,Symmetric Cryptography,cryptography; symmetric cryptography; block ciphers; hash functions; stream cipers,Cryptography and Security
1187,22161,22161,Recent Advancements in Tractable Probabilistic Inference,Generative Models; Deep Learning; Probabilistic Models; Graphical Models; Tractable inference,Artificial Intelligence; Machine Learning
1188,22171,22171,Digital Twins for Cyber-Physical Systems Security,Digital Twins; Cyber-Physical Systems; Information Security; SCADA & Industrial Control Systems; Production Systems Engineering,Artificial Intelligence; Cryptography and Security; Systems and Control
1189,22172,22172,Technologies to Support Critical Thinking in an Age of Misinformation,Cognitive Security; Misinformation; Bias Computing,Human-Computer Interaction; Other Computer Science; Social and Information Networks
1190,22181,22181,Computational Metabolomics: From Spectra to Knowledge,metabolomics; mass spectrometry; bioinformatics; chemoinformatics; exposomics,Data Structures and Algorithms; Emerging Technologies; Machine Learning
1191,22182,22182,Estimation-of-Distribution Algorithms: Theory and Applications,heuristic search and optimization; estimation-of-distribution algorithms; probabilistic model building; machine learning,Artificial Intelligence; Data Structures and Algorithms; Neural and Evolutionary Computing
1192,22191,22191,Visual Text Analytics,Information Visualization; Visual Text Analytics; Visual Analytics; Text Visualization; Explainable ML for Text Analytics; Language Models; Text Mining; Natural Language Processing,Computation and Language; Graphics; Human-Computer Interaction
1193,22192,22192,Dynamic Traffic Models in Transportation Science,dynamic traffic equilibria; complexity of equilibrium computation; simulation; dynamic net- work flow theory; network optimisation,Computer Science and Game Theory
1194,22201,22201,The Constraint Satisfaction Problem: Complexity and Approximability,constraint satisfaction problem; computational complexity; hardness of approximation; universal algebra; semidefinite programming,Computational Complexity; Data Structures and Algorithms; Logic in Computer Science
1195,22202,22202,Anticipatory Human-Machine Interaction,Computational Cognitive Modelling; Computational Theory of Mind; Human-Machine Teaming; Cognition-aware Computing; Goal and Plan Recognition,Artificial Intelligence; Human-Computer Interaction; Machine Learning
1196,22221,22221,Exponential Analysis: Theoretical Progress and Technological Innovation,spectral analysis; structured matrices; sparse interpolation; remote sensing; inverse problem,Computational Engineering / Finance / and Science; Mathematical Software; Numerical Analysis
1197,22222,22222,Radical Innovation and Design for Connected and Automated Vehicles,Automated Vehicle Technology; Automotive User Interfaces; Radical Innovation; Co-creation; Participatory Design; UX Design,Mobile Computing; Multimedia; Society / Human-computer Interaction
1198,22231,22231,Theories of Programming,programming; programming tools; human aspects of software engineering; psychology of programming,Human-Computer Interaction; Programming Languages; Software Engineering
1199,22232,22232,Efficient and Equitable Natural Language Processing in the Age of Deep Learning,Natural language processing (NLP); efficiency; equity; deep learning,Artificial Intelligence; Computation and Language; Machine Learning
1200,22251,22251,Human-Game AI Interaction,computational intelligence; artificial intelligence; games; modeling; interaction,Artificial Intelligence; Human-Computer Interaction; Multimedia
1201,22261,22261,Visualization Empowerment: How to Teach and Learn Data Visualization,Information Visualization; Visualization Literacy; Data Literacy; Education,Graphics; Human-Computer Interaction; Other Computer Science
1202,22262,22262,Human-Centered Artificial Intelligence,Artificial Intelligence; AI and Society; Ethical AI; Human-centered AI; Human-Centered Design; Human-Computer Interaction; Explainable Machine Learning; Robotics,artificial intelligence / robotics
1203,22271,22271,Algorithms for Participatory Democracy,computational social choice; online decision-making platforms; participatory budgeting; voting with currency,Artificial Intelligence; Computer Science and Game Theory; Computers and Society
1204,22272,22272,Eat-IT: Interactive Food,Interaction Design; Multisensory interaction; Nutrition; Health; Human-Food Interaction,Human-Computer Interaction
1205,22281,22281,Security of Machine Learning,machine learning; adversarial examples; information security,Artificial Intelligence; Cryptography and Security; Machine Learning
1206,22282,22282,Current and Future Challenges in Knowledge Representation and Reasoning,knowledge representation and reasoning; declarative representations; formal logic; applications of logics,Artificial Intelligence; Logic in Computer Science; Symbolic Computation
1207,22291,22291,Machine Learning and Logical Reasoning: The New Frontier,SAT/SMT/CP solvers and theorem provers; Testing; Analysis; Verification; and Security of Machine Learning; Neuro-symbolic AI; ,Logic in Computer Science; Machine Learning; Software Engineering
1208,22292,22292,Computational Approaches for Digitized Historical Newspapers,natural language processing; document structure and layout analysis; information extraction; digital history; digital scholarship,Computation and Language; Computer Vision and Pattern Recognition; Information Retrieval
1209,22301,22301,Algorithmic Aspects of Information Theory,information theory; information inequalities; conditional independence structures; database query evaluation and containment; decision problems,Computational Complexity; Databases; Information Theory
1210,22302,22302,Educational Programming Languages and Systems,programming environments; errors; learning progressions; computer science education research,Computers and Society; Human-Computer Interaction; Programming Languages
1211,22331,22331,Visualization and Decision Making Design Under Uncertainty,Uncertainty Visualization; Uncertainty Quantification; Risk Analysis; Decision Making Under Uncertainty,Computers and Society; Graphics; Other Computer Science
1212,22332,22332,Differential Equations and Continuous-Time Deep Learning,differential equations; deep learning,Machine Learning; Numerical Analysis; Systems and Control
1213,22341,22341,Power and Energy-Aware Computing on Heterogeneous Systems (PEACHES),power; energy; heterogeneous computing; systems; operating systems,Computers and Society; Emerging Technologies; Systems and Control
1214,22342,22342,Privacy in Speech and Language Technology,Speech and language technology; Privacy; Data protection; Privacy-enhancing technologies; Law and policy,Computation and Language; Computers and Society; Cryptography and Security
1215,22351,22351,Interactive Visualization for Fostering Trust in ML,Interactive visualization; artificial intelligence; machine learning; trust; responsibility; understandability; accountability; explainability; fairness,Artificial Intelligence; Computers and Society; Human-Computer Interaction
1216,22361,22361,Challenges and Opportunities of Democracy in the Digital Society,Society; Democratic Regulation; Large-scale Deliberation; Large-scale decision making; Co-Design,Computers and Society; Other Computer Science; Social and Information Networks
1217,22362,22362,Model-Driven Engineering of Digital Twins,Digital Twins; Software Engineering; Model-Driven Engineering; Self-Adaptive Systems; AI,Computational Engineering / Finance / and Science; Emerging Technologies; Software Engineering
1218,22371,22371,Algebraic and Analytic Methods in Computational Complexity,computational complexity; algebra; (de-)randomization; circuits; coding,Computational Complexity
1219,22372,22372,Knowledge Graphs and Their Role in the Knowledge Engineering of the 21st Century,knowledge graphs; knowledge engineering; knowledge science; hybrid workflows; user experience,Artificial Intelligence; Human-Computer Interaction
1220,22381,22381,Rational Design of RiboNucleic Acids,RiboNucleic Acids; Stuctural Design; Thermodynamics,Data Structures and Algorithms; Other Computer Science
1221,22382,22382,Machine Learning for Science: Bridging Data-Driven and Mechanistic Modelling,Machine learning; AI; scientific discovery,Artificial Intelligence; Machine Learning
1222,22391,22391,Cognitive Robotics,cognitive robotics; knowledge representation and reasoning; machine learning; cognitive science,Artificial Intelligence; Robotics
1223,22392,22392,Transparent Quantitative Research as a User Interface Problem,Open Science; Transparency; Reproducibility; Statistics,Human-Computer Interaction
1224,22401,22401,Computer Science Methods for Effective and Sustainable Simulation Studies,Modeling; Simulation,Computational Engineering / Finance / and Science
1225,22402,22402,Foundations for a New Perspective of Understanding Programming,Programming methodology; programming education; program comprehension; neuro-imaging; eye tracking; human cognition,Human-Computer Interaction; Software Engineering
1226,22411,22411,Theory and Practice of SAT and Combinatorial Solving,Boolean satisfiability; SAT solving; computational complexity; proof complexity; combinatorial optimization,Computational Complexity; Data Structures and Algorithms; Logic in Computer Science
1227,22412,22412,"Intelligent Security: Is ""AI for Cybersecurity"" a Blessing or a Curse",AI; machine learning; security; cryptography; physical attacks,Artificial Intelligence; Cryptography and Security; Machine Learning
1228,22421,22421,Security of Decentralized Financial Technologies,blockchain technology; decentralized finance (DeFi); security foundations; distributed consensus protocols; security economics,Computational Engineering / Finance / and Science; Cryptography and Security; Distributed / Parallel / and Cluster Computing
1229,22422,22422,Developmental Machine Learning: From Human Learning to Machines and Back,Embodied AI; Self-supervised Learning; Virtual Agent Simulations; Computational Modeling of Infant Learning; Developmental Psychology,Computer Vision and Pattern Recognition; Machine Learning; Neural and Evolutionary Computing
1230,22431,22431,Data-Driven Combinatorial Optimisation,combinatorial optimisation; machine learning; constraint programming; data science; operations research,Artificial Intelligence; Discrete Mathematics; Machine Learning
1231,22432,22432,Towards a Unified Model of Scholarly Argumentation,Argument mining; argument modeling; scholarly discourse; ,Artificial Intelligence; Computation and Language; Machine Learning
1232,22441,22441,Optimization at the Second Level,bilevel optimization; robust optimization; algorithmics; computational complexity,Computational Complexity; Computer Science and Game Theory; Data Structures and Algorithms
1233,22442,22442,Toward Scientific Evidence Standards in Empirical Computer Science,Community Evidence Standards; Human Factors,Computers and Society; Human-Computer Interaction; Software Engineering
1234,22451,22451,Principles of Contract Languages,semantics; formal methods; software engineering; verification; logic,Logic in Computer Science; Programming Languages; Software Engineering
1235,22452,22452,Computational Social Dynamics,Algorithmic Game Theory; Fair Division; Financial Networks; Social Networks; Behavioral Economics,Artificial Intelligence; Computer Science and Game Theory; Data Structures and Algorithms
1236,22461,22461,Dynamic Graph Algorithms,graph algorithms; dynamic graphs,Data Structures and Algorithms
1237,22462,22462,Set Visualization and Uncertainty,information visualization; uncertainty; set visualization; cartography; graph drawing,Data Structures and Algorithms; Human-Computer Interaction; Social and Information Networks
1238,22471,22471,Towards More Flexible and Automated Communication Networks,software-defined networking; self-driving networks; automation; machine learning,Networking and Internet Architecture
1239,22481,22481,Vertex Partitioning in Graphs: From Structure to Algorithms,computational complexity; hereditary graph classes; parameterized algorithms; polynomial-time algorithms; vertex partitioning,Computational Complexity; Data Structures and Algorithms; Discrete Mathematics
1240,22482,22482,Counting and Sampling: Algorithms and Complexity,Approximation algorithms; Computational complexity of counting problems; Markov chain Monte Carlo; Statistical physics; Structural Graph Theory,Computational Complexity; Data Structures and Algorithms; Discrete Mathematics
1241,22491,22491,Cognitive Augmentation,Wearable Computing; Augmented Humans; Augmented Reality,Artificial Intelligence; Human-Computer Interaction; Machine Learning
1242,22492,22492,Formal Methods and Distributed Computing: Stronger Together,distributed algorithms; automated verification and reasoning; concurrent data structures and transactions; large-scale replication,Distributed / Parallel / and Cluster Computing; Logic in Computer Science; Other Computer Science
1243,22512,22512,Inter-Vehicular Communication – From Edge Support to Vulnerable Road Users II,Intelligent transportation systems; Vehicle-to-vehicle communication; Vehicle-to-infrastructure communication; Cooperative driving; Tactile internet; 5G; Edge Computing; Low latency com-munication; Vulnerable Road Users; Pedestrians; Bicyclists,Networking and Internet Architecture
1244,23021,23021,Media Forensics and the Challenge of Big Data,Image and video forensics; Digital forensics; Image and video forgery detection; Image and video authentication; Tampering detection,Artificial Intelligence; Computer Vision and Pattern Recognition; Multimedia
1245,23022,23022,Inverse Biophysical Modeling and Machine Learning in Personalized Oncology,Medical Image Analysis; Image Segmentation; Inverse Problems; Tumor Growth Simulation and Modeling; Machine Learning; Parallel Computing,Computer Vision and Pattern Recognition; Machine Learning; Mathematical Software
1246,23031,23031,Frontiers of Information Access Experimentation for Research and Education,Information Access Systems; Experimentation; Evaluation; User Interaction; Simulation,Artificial Intelligence; Information Retrieval
1247,23041,23041,Integrated Rigorous Analysis in Cyber-Physical Systems Engineering,Rigorous modelling and analysis; Formal methods; Cyber-physical systems; Systems engineering,Logic in Computer Science; Software Engineering; Systems and Control
1248,23042,23042,Quality of Sustainable Experience (QoSE),Design for Sustainability; Digitalisation; Human-Computer Interaction; Information and Communication Technology; Wellbeing,Computers and Society; Human-Computer Interaction; Multimedia
1249,23051,23051,Perception in Network Visualization,Network Visualization; Graph Drawing; Perception; Cognition,Data Structures and Algorithms; Human-Computer Interaction
1250,23061,23061,Scheduling,scheduling; mathematical optimization; approximation algorithms; learning methods; uncertainty,Data Structures and Algorithms; Machine Learning
1251,23062,23062,Programming Language Processing,ML4PL; ML4SE; Neural Software Analysis,Neural and Evolutionary Computing; Programming Languages; Software Engineering
1252,23071,23071,From Big Data Theory to Big Data Practice,Sublinear algorithms; local algorithms; external memory,Data Structures and Algorithms; Distributed / Parallel / and Cluster Computing
1253,23072,23072,Challenges and Perspectives in Deep Generative Modeling,deep generative models; machine learning for science; neural compression; out-of-distribution detection,Artificial Intelligence; Computer Vision and Pattern Recognition; Machine Learning
1254,23081,23081,Agents on the Web,Web Architecture; Web of Things; Linked Data; Semantic Web; Multi-Agent Systems,Artificial Intelligence; Multiagent Systems; Other Computer Science
1255,23082,23082,Resilient Software Configuration and Infrastructure Code Analysis,configuration; computing infrastructure; program analysis,operating systems; programming languages / compiler; software engineering
1256,23091,23091,Algorithmic Foundations of Programmable Matter,Distributed algorithms; computational geometry; robotics; DNA computing; programmable matter,Computational Geometry; Data Structures and Algorithms; Robotics
1257,23092,23092,A Human-Computer Interaction Perspective to Drive Change towards Sustainable Future,Sustainability; Human Computer Interaction; Behavior Change,Computers and Society; Human-Computer Interaction
1258,23101,23101,Foundations of WebAssembly,WebAssembly; Software Verification; Software-fault Isolation; Just-in-Time Compilers; Formal Methods,Cryptography and Security; Logic in Computer Science; Programming Languages
1259,23111,23111,Computational Complexity of Discrete Problems,computational complexity; circuit complexity; communication complexity; randomness; lower bounds,Computational Complexity; Data Structures and Algorithms
1260,23112,23112,Unifying Formal Methods for Trustworthy Distributed Systems,Industrial-Scale Distributed Systems; Formal Verification; Parameterized Model Checking; Deductive Verification; Compositional Reasoning,Formal Languages and Automata Theory; Logic in Computer Science; Programming Languages
1261,23121,23121,"Pattern Avoidance, Statistical Mechanics and Computational Complexity",Permutation patterns; counting and sampling; algorithms; modeling; statistical physics.,Computational Complexity; Discrete Mathematics
1262,23122,23122,Deep Continual Learning,continual learning; incremental learning,Machine Learning
1263,23131,23131,Software Bug Detection: Challenges and Synergies,bug finding; testing; verification; static analysis; human aspects,Cryptography and Security; Programming Languages; Software Engineering
1264,23132,23132,AI-Augmented Facilities: Bridging Experiment and Simulation with ML,Machine learning; HPC; Edge; Experimental facilities,Computational Engineering / Finance / and Science; Distributed / Parallel / and Cluster Computing; Machine Learning
1265,23151,23151,Normative Reasoning for AI,deontic logic; autonomous agents; AI ethics; deontic explanations,Artificial Intelligence; Logic in Computer Science; Multiagent Systems
1266,23152,23152,Secure and Efficient Post-Quantum Cryptography in Hardware and Software,Post-quantum cryptography; Hardware security; Efficient implementations; Side-channel analysis,Cryptography and Security; Hardware Architecture
1267,23161,23161,Pushing the Limits of Computational Combinatorial Constructions,combinatorial algorithms; subspace designs; finite geometries; automorphism groups,Data Structures and Algorithms; Discrete Mathematics; Mathematical Software
1268,23162,23162,New Frontiers of Parameterized Complexity in Graph Drawing,parameterized complexity; graph drawing; computational geometry; algorithm design,Computational Complexity; Computational Geometry; Data Structures and Algorithms
1269,23171,23171,Driving HPC Operations With Holistic Monitoring and Operational Data Analytics,Exascale system monitoring; Data center monitoring; Operational Data Analytics; HPC operations and research,Distributed / Parallel / and Cluster Computing; Machine Learning; Performance
1270,23181,23181,Empirical Evaluation of Secure Development Processes,empirical software engineering; secure system design,Cryptography and Security; Software Engineering
1271,23191,23191,Universals of Linguistic Idiosyncrasy in Multilingual Computational Linguistics,computational linguistics; morphosyntax; multiword expressions; language universals; idiosyncrasy,Artificial Intelligence; Computation and Language
1272,23192,23192,Topological Data Analysis and Applications,Topological Data Analysis; Computational Topology; Algorithms; Applications; Visualization,Computational Geometry; Data Structures and Algorithms; Discrete Mathematics
1273,23202,23202,Regular Transformations,transducers; automata with outputs; transformations,Databases; Formal Languages and Automata Theory; Logic in Computer Science
1274,23211,23211,Scalable Data Structures,Data structures; algorithms; computational models; big data; parallel computation,Data Structures and Algorithms; Information Retrieval
1275,23212,23212,Designing the Human-Machine Symbiosis,Embodiment; mobile computing; wearables; bodily extensions,Human-Computer Interaction
1276,23221,23221,Computational Geometry,combinatorics; algorithms; geometric computing; uncertainty; reconfiguration,Computational Geometry; Data Structures and Algorithms; Discrete Mathematics
1277,23222,23222,Novel Scenarios for the Wireless Internet of Things,Internet of X Things; Backscatter Communication,Emerging Technologies; Other Computer Science
1278,23241,23241,Scalable Analysis of Probabilistic Models and Programs,Probabilistic Inference; Probabilistic Programs; Probabilistic Planning; Probabilistic Model Checking; Model Counting,Artificial Intelligence; Logic in Computer Science; Programming Languages
1279,23242,23242,Privacy Protection of Automated and Self-Driving Vehicles,Automotive Security and Privacy; Privacy and Data Protection,Artificial Intelligence; Computers and Society; Cryptography and Security
1280,23251,23251,Challenges in Benchmarking Optimization Heuristics,benchmarking; optimization; real-world applications; design of search heuristics; understanding problem complexity,Data Structures and Algorithms; Neural and Evolutionary Computing; Performance
1281,23252,23252,Inclusive Data Visualization,Accessibility; Data Visualization; Human-Computer Interaction; Human-Data Interaction,Artificial Intelligence; Graphics; Human-Computer Interaction
1282,23261,23261,SAT Encodings and Beyond,propositional satisfiability; problem formulation; lower and upper bounds; constraint propagation; symmetry breaking,Computational Complexity; Data Structures and Algorithms; Logic in Computer Science
1283,23271,23271,Human in the (Process) Mines,Process mining; human in the loop; visual analytics,Artificial Intelligence; Human-Computer Interaction; Other Computer Science
1284,23272,23272,Epistemic and Topological Reasoning in Distributed Systems,distributed systems; epistemic logic; combinatorial topology,Distributed / Parallel / and Cluster Computing; Logic in Computer Science; Multiagent Systems
1285,23281,23281,Theoretical Advances and Emerging Applications in Abstract Interpretation,Abstract Interpretation; Abstract domains; Static program Analysis; Program verification; Program semantics,Logic in Computer Science; Programming Languages; Software Engineering
1286,23291,23291,Parameterized Approximation: Algorithms and Hardness,Combinatorial Optimization; Approximation Algorithms; Parameterized Complexity; Hardness of Approximation,Computational Complexity; Data Structures and Algorithms; Discrete Mathematics
1287,23292,23292,SportsHCI,Embodiment; mobile computing; wearables,Human-Computer Interaction
1288,23301,23301,Computational Proteomics,proteomics; bioinformatics; machine learning; therapeutics; mass spectrometry,Artificial Intelligence; Machine Learning; Other Computer Science
1289,23302,23302,Software Architecture and Machine Learning,Machine Learning; Software Architecture; ML for Software Architecture; Architecting ML systems.,Machine Learning; Software Engineering
1290,23331,23331,Recent Trends in Graph Decomposition,experimental algorithmics; parallel algorithms; combinatorial optimization,Data Structures and Algorithms; Distributed / Parallel / and Cluster Computing
1291,23332,23332,Synergizing Theory and Practice of Automated Algorithm Design for Optimization,automated algorithm design; hyper-parameter tuning; parameter control; heuristic optimization; black-box optimization,Machine Learning; Neural and Evolutionary Computing
1292,23341,23341,Functionally Safe Multi-Core Systems,EDA and Micro-Architectures; Safety-Critical Applications; Middleware; Multi-core,Hardware Architecture; Other Computer Science
1293,23342,23342,Computational Geometry of Earth System Analysis,efficient algorithms; geometric algorithms; event detection; interpolation methods; sensor placement,Computational Geometry; Data Structures and Algorithms
1294,23351,23351,Algorithms and Complexity for Continuous Problems,Tractability Analysis; Computational Stochastics; Infinite-Variate Problems; Quasi-Monte Carlo Methods; Sampling,Computational Complexity; Data Structures and Algorithms; Numerical Analysis
1295,23352,23352,"Integrating HPC, AI, and Workflows for Scientific Data Analysis",Scientific Workflows; High Performance Computing; Machine Learning; Scientific Data Analysis; Big Data,Computational Engineering / Finance / and Science; Distributed / Parallel / and Cluster Computing; Machine Learning
1296,23361,23361,Multiobjective Optimization on a Budget,decision making; expensive optimization; few-shot learning; evolutionary algorithms; simulation optimization,Machine Learning; Neural and Evolutionary Computing; Systems and Control
1297,23362,23362,Decision-Making Techniques for Smart Semiconductor Manufacturing,Modeling; Simulation; Smart Manufacturing; Analytics; Semiconductor Manufacturing,Multiagent Systems; Performance; Systems and Control
1298,23371,23371,Roadmap for Responsible Robotics,Robotics; Responsibility; Trust; Fairness; Predictability; Understandability; Ethics,Artificial Intelligence; Computers and Society; Robotics
1299,23372,23372,Human-Centered Approaches for Provenance in Automated Data Science,Automation; Machine Learning; Visualization; Human-Centered Design; Provenance,Graphics; Human-Computer Interaction; Machine Learning
1300,23381,23381,Visualization and the Humanities: Towards a Shared Research Agenda,Humanities; Visualization; Digital Humanities; Methodology; Research program,Computation and Language; Graphics; Human-Computer Interaction
1301,23391,23391,The Futures of Reactive Synthesis,Reactive synthesis; program synthesis; Temporal synthesis; Program verification,Artificial Intelligence; Formal Languages and Automata Theory; Programming Languages
1302,23401,23401,"Automated Mathematics: Integrating Proofs, Algorithms and Data",mathematical knowledge management; mathematical software; formalized mathematics; computer algebra; databases of mathematical structures,Databases; Logic in Computer Science; Mathematical Software
1303,23411,23411,Accountable Software Systems,accountability; autonomous systems; decision making,Computers and Society; Multiagent Systems; Other Computer Science
1304,23412,23412,Formal Methods for Correct Persistent Programming,non-volatile-memory; persistency; verification; formal methods; concurrency,Distributed / Parallel / and Cluster Computing; Programming Languages
1305,23421,23421,Quantum Cryptanalysis,Cryptanalysis; post-quantum cryptography; quantum algorithms; quantum resource estimation; computational algebra,Cryptography and Security; Data Structures and Algorithms; Emerging Technologies
1306,23422,23422,"Graph Algorithms: Cuts, Flows, and Network Design",graph algorithm; approximation; maximum flow; minimum cut; network design,Data Structures and Algorithms
1307,23431,23431,Network Attack Detection and Defense – AI-Powered Threats and Responses,cybersecurity; machine learning; artificial intelligence; intrusion detection,Artificial Intelligence; Cryptography and Security; Networking and Internet Architecture
1308,23432,23432,Edge-AI: Identifying Key Enablers in Edge Intelligence,Edge Computing; Cloud Computing; Edge Intelligence,Artificial Intelligence; Distributed / Parallel / and Cluster Computing; Networking and Internet Architecture
1309,23441,23441,Ensuring the Reliability and Robustness of Database Management Systems,database testing; database reliability; database benchmarking,Databases; Performance; Software Engineering
1310,23442,23442,Approaches and Applications of Inductive Programming,Interpretable Machine Learning; Neuro-symbolic AI; Explainable AI; Human-like Machine Learning; Inductive Logic Programming,Artificial Intelligence; Human-Computer Interaction; Machine Learning
1311,23451,23451,Visualization of Biomedical Data – Shaping the Future and Building Bridges,Visualization; Interdisciplinary; Biology; Computational biology; Medicine,Graphics; Machine Learning; Other Computer Science
1312,23452,23452,Human-AI Interaction for Work,human-AI interaction; future of work,Human-Computer Interaction
1313,23461,23461,Space and Artificial Intelligence,artificial intelligence; space; machine learning; space operations; earth observation,Artificial Intelligence; Machine Learning
1314,23462,23462,Defining and Fortifying Against Cognitive Vulnerabilities in Social Engineering,HCI; Social Engineering Attacks; Cognitive Security; Sensors,Computers and Society; Human-Computer Interaction
1315,23471,23471,The Next Generation of Deduction Systems: From Composition to Compositionality,deduction; logic; automated reasoning; compositionality; artificial intelligence,Artificial Intelligence; Logic in Computer Science; Symbolic Computation
1316,23481,23481,MAD: Microarchitectural Attacks and Defenses,microarchitectural attacks; hardware-software co-design for security; security architectures; side-channel analysis,Cryptography and Security; Hardware Architecture; Programming Languages
1317,23482,23482,Social XR: The Future of Communication and Collaboration,Immersive Technology; Social Extended Reality; 3D Capture and Modelling; Multisensory Experiences; Digital Proxemics,Human-Computer Interaction
1318,23491,23491,Scalable Graph Mining and Learning,Graph mining; graph machine learning; (hyper)graph and network algorithms; high-performance computing for graphs; algorithm engineering for graphs,Data Structures and Algorithms; Distributed / Parallel / and Cluster Computing; Machine Learning
1319,23492,23492,Model Learning for Improved Trustworthiness in Autonomous Systems,Autonomous Systems; Machine Learning; Artificial Intelligence; Formal Methods; Automata Learning; Software Evolution; Trust; Technology Acceptance; Safety; Self-Adaptive Systems; Cyber-physical Systems; Safety-critical Systems,Computers and Society; Logic in Computer Science; Machine Learning
1320,24021,24021,From Proofs to Computation in Geometric Logic and Generalizations,geometric logic; constructivisation; automated theorem proving; proof theory; categorical semantics,Logic in Computer Science
1321,24031,24031,"Fusing Causality, Reasoning, and Learning for Fault Management and Diagnosis",Integrative AI; Diagnosis; Fault Detection and Management; Cyber-Physical Systems; Model-Based Reasoning,Artificial Intelligence; Machine Learning
1322,24032,24032,"Representation, Provenance, and Explanations in Database Theory and Logic",Provenance; Factorized Databases; Shapley values; Database Theory; Computational Complexity,Data Structures and Algorithms; Databases; Logic in Computer Science
1323,24041,24041,Symmetric Cryptography,symmetric cryptography; (quantum) cryptanalysis; provable security,Cryptography and Security
1324,24042,24042,The Emerging Issues in Bioimaging AI Publications and Research,artificial intelligence; publication ethics; bioimaging; trustworthy AI; open source,Artificial Intelligence; Computer Vision and Pattern Recognition; Machine Learning
1325,24051,24051,Next Generation Protocols for Heterogeneous Systems,behavioral types; session types; communication; concurrency; distribution,Programming Languages
1326,24052,24052,Reviewer No. 2: Old and New Problems in Peer Review,peer review; diversity; natural language processing; incentives,Artificial Intelligence; Computation and Language; Machine Learning
1327,24061,24061,Are Knowledge Graphs Ready for the Real World? Challenges and Perspective,Semantic Data Integration; Federated Query Processing; Programming Paradigms for Knowledge Graphs; Intelligent Knowledge Graph Management; Access Control and Privacy,Artificial Intelligence; Databases; Programming Languages
1328,24062,24062,"Beyond-Planar Graphs: Models, Structures and Geometric Representations",Graph drawing; Graph algorithm; Graph theory; Combinatorial geometry; Network visualization,Computational Geometry; Data Structures and Algorithms; Discrete Mathematics
1329,24071,24071,Safety Assurance for Autonomous Mobility,autonomy; formal methods; automotive; railway; aerospace,Artificial Intelligence; Logic in Computer Science; Systems and Control
1330,24072,24072,Triangulations in Geometry and Topology,Triangulations; Computational Geometry; Geometric Topology,Computational Geometry; Data Structures and Algorithms; Discrete Mathematics
1331,24081,24081,Computational Approaches to Strategy and Tactics in Sports,sports; machine learning; spatio-temporal data; explainability,Artificial Intelligence
1332,24082,24082,AI for Social Good,artificial intelligence; machine learning; social good; non-governmental organizations; interdisciplinary,Artificial Intelligence; Computers and Society; Machine Learning
1333,24091,24091,Reflections on Pandemic Visualization,Data Visualization; Epidemiology; Graph Visualization; Visual Analytics; Social Network Analysis; Complex Systems; Geographic Networks; Modelling,Data Structures and Algorithms; Human-Computer Interaction; Other Computer Science
1334,24092,24092,Applied and Combinatorial Topology,Applied Topology; Topological Data Analysis; Discrete Morse Theory; Combinatorial Topology; Statistics,Computational Geometry; Data Structures and Algorithms; Discrete Mathematics
1335,24101,24101,Robust Query Processing in the Cloud,databases; cloud computing; query processing; indexing; scheduling,Databases; Distributed / Parallel / and Cluster Computing; Performance
1336,24102,24102,Shapes in Graph Data: Theory and Implementation,data for the Semantic Web; schema languages; constraint languages; graph data,Databases; Logic in Computer Science
1337,24111,24111,Logics for Dependence and Independence: Expressivity and Complexity,team semantics; hyperproperties; finite model theory; information theory; formal linguistics,Computational Complexity; Databases; Logic in Computer Science
1338,24112,24112,EU Cyber Resilience Act: Socio-Technical and Research Challenges,Digital Law and Policy; Usable security and transparency; Cybersecurity and Cyber-Resilience; Software Engineering and Secure Development; Software Analysis and Certification,Computers and Society; Cryptography and Security; Software Engineering
1339,24121,24121,"Trustworthiness and Responsibility in AI – Causality, Learning, and Verification",artificial intelligence; machine learning; causality; responsible AI; verification,Artificial Intelligence; Machine Learning
1340,24122,24122,Low-Dimensional Embeddings of High-Dimensional Data: Algorithms and Applications,dimensionality reduction; visualization; high-dimensional,Data Structures and Algorithms; Machine Learning
1341,24141,24141,Network Calculus,Network calculus; effective bandwidths; queueing network; performance evaluation; age of information,Networking and Internet Architecture; Performance
1342,24151,24151,Methods and Tools for the Engineering and Assurance of Safe Autonomous Systems,safety-critical autonomous systems; software engineering; simulation-based verification and validation; safety assurance; AI,Artificial Intelligence; Logic in Computer Science; Software Engineering
1343,24161,24161,Research Software Engineering: Bridging Knowledge Gaps,Research Software Engineering; Software Engineering; Data Science,Computers and Society; Software Engineering
1344,24162,24162,Hardware Support for Cloud Database Systems in the Post-Moore’s Law Era,Database systems; Hyperscale systems; Cloud computing; Computer architecture; Hardware/software co-design,Databases; Hardware Architecture
1345,24171,24171,"Automated Synthesis: Functional, Reactive and Beyond",Automated synthesis; Boolean functions; knowledge representations; reactive synthesis; SAT/SMT solvers,Artificial Intelligence; Logic in Computer Science
1346,24172,24172,Code Search,code search; developer tools,Software Engineering
1347,24181,24181,"Computational Metabolomics: Towards Molecules, Models, and their Meaning",metabolomics; bioinformatics; cheminformatics; multi-omics; benchmarking,Artificial Intelligence; Emerging Technologies; Information Retrieval
1348,24182,24182,Resilience and Antifragility of Autonomous Systems,resilience; antifragility; autonomous systems; AI; safety; ethics and assurance of autonomous systems,Artificial Intelligence; Computers and Society; Systems and Control
1349,24192,24192,Generalization by People and Machines,Interpretable Machine Learning; Human-AI Collaboration; Cognitive Science; Neuro-Symbolic Reasoning; Explainability,Artificial Intelligence; Machine Learning; Symbolic Computation
1350,24201,24201,Discrete Algorithms on Modern and Emerging Compute Infrastructure,Data Structures and Discrete Algorithms; Emerging Compute Infrastructure,Data Structures and Algorithms; Discrete Mathematics; Emerging Technologies
1351,24202,24202,Causal Inference for Spatial Data Analytics,spatial causal inference; spatial data analytics; causal machine learning,Artificial Intelligence; Machine Learning
1352,24211,24211,Evaluation Perspectives of Recommender Systems: Driving Research and Education,Recommender Systems; Evaluation; Information Retrieval; User Interaction; Intelligent Systems,Human-Computer Interaction; Information Retrieval; Machine Learning
1353,24212,24212,Classical-Quantum Synergies in the Theory and Practice of Quantum Error Correction,quantum error correction; fault-tolerant quantum computing; quantum LDPC codes; hardware implementation and prototyping; noise models,Information Theory
1354,24231,24231,Stochastic Games,Stochastic Games; Reinforcement Learning; Optimisation; Multi-agent Systems,Artificial Intelligence; Computational Complexity; Computer Science and Game Theory
1355,24232,24232,Designing Computers’ Control Over Our Bodies,control; human-computer integration; body; HCI,Human-Computer Interaction
1356,24241,24241,"Geometric modeling: Challenges for Additive Manufacturing, Design and Analysis",Geometric Modeling; Additive Manufacturing; isogeometric analysis; machine learning,Computational Geometry; Graphics; Machine Learning
1357,24242,24242,Computational Analysis and Simulation of the Human Voice,voice analysis; voice simulation; health care; visualization,Machine Learning; Sound
1358,24251,24251,Teaching Support Systems for Formal Foundations of Computer Science,Computing education research; Formal foundations of computer science; Intelligent tutoring systems; User studies; user modeling and adaptive personalization; Artificial intelligence in education; educational data mining,Formal Languages and Automata Theory; Human-Computer Interaction; Logic in Computer Science
1359,24261,24261,Computational Creativity for Game Development,computational intelligence; artificial intelligence; computational creativity; game design; game development,Artificial Intelligence; Human-Computer Interaction; Multimedia
1360,24271,24271,Theory of Randomized Optimization Heuristics,black-box optimization heuristics; evolution strategies; genetic and evolutionary algorithms; runtime and convergence analysis; stochastic processes,Neural and Evolutionary Computing
1361,24272,24272,A Game of Shadows: Effective Mastery Learning in the Age of Ubiquitous AI,Computing education; Mastery learning; LLMs; ChatGPT; Machine learning,Other Computer Science
1362,24281,24281,Dynamic Traffic Models in Transportation Science,Dynamic equilibria; Dynamic traffic assignments; Traffic simulation; dynamic network flow theory; energy aware DTA,Computational Engineering / Finance / and Science; Computer Science and Game Theory; Multiagent Systems
1363,24282,24282,Automated Machine Learning for Computational Mechanics,automated algorithm design; computational mechanics; engineering applications of AI; black-box optimization; physics-informed machine learning,Artificial Intelligence; Computational Engineering / Finance / and Science; Machine Learning
1364,24291,24291,Programmable Host Networking,Network stacks; SmartNICs; Network APIs,Hardware Architecture; Networking and Internet Architecture; Operating Systems
1365,24292,24292,Improving Trust between Humans and Software Robots in Robotic Process Automation,Robotic Process Automation; Software Robots; Human-centered AI; Business Process Management; Human-Computer Interaction,Artificial Intelligence; Human-Computer Interaction; Other Computer Science
1366,24301,24301,"Art, Visual Illusions, and Data Visualization",Data visualization; perception; art; visual illusions; artificial intelligence,Artificial Intelligence; Graphics; Human-Computer Interaction
1367,24302,24302,Learning with Music Signals: Technology Meets Education,Music information retrieval; education; signal processing; deep learning; user interaction,Machine Learning; Multimedia; Sound
1368,24311,24311,Resource-Efficient Machine Learning,resource-efficient systems; systems for machine learning,Hardware Architecture; Machine Learning; Operating Systems
1369,24312,24312,Security and Privacy of Current and Emerging IoT Devices and Systems,IoT; CPS; Smart Devices; Security; Privacy; Mission Criticality; Safety; Resilience; Trusted Computing; Computer Architecture,Cryptography and Security; Hardware Architecture
1370,24341,24341,Proof Representations: From Theory to Applications,proof theory; proof calculi; computational interpretations; proof semantics; dynamic operators,Artificial Intelligence; Logic in Computer Science; Programming Languages
1371,24342,24342,Leveraging AI for Management Decision-Making,Management; Business; Decision-making; Applications; Marketing,Artificial Intelligence; Machine Learning
1372,24351,24351,"Power, Energy, and Carbon-Aware Computing on Heterogeneous Systems (PEACHES)",carbon footprint; net-zero; emissions; power/energy; heterogeneous systems,Distributed / Parallel / and Cluster Computing; Emerging Technologies; Other Computer Science
1373,24352,24352,Conversational Agents: A Framework for Evaluation (CAFE),Conversational Agents; Information Retrieval; Recommender Systems; Evaluation; User Interaction,Artificial Intelligence; Human-Computer Interaction; Information Retrieval
1374,24361,24361,Artificial Intelligence and Formal Methods Join Forces for Reliable Autonomy,Formal Verification; Artificial Intelligence; Machine Learning; Autonomous Systems; Robotics,Artificial Intelligence; Formal Languages and Automata Theory; Robotics
1375,24362,24362,Next-Generation Secure Distributed Computing,Distributed Computing; Cryptography; Game Theory; Blockchain,Computer Science and Game Theory; Cryptography and Security; Distributed / Parallel / and Cluster Computing
1376,24371,24371,Extended Reality Accessibility,Extended Reality; Virtual/Augmented Reality; Accessibility; Human-Computer Interaction; Diversity; Equity; Inclusion,Computers and Society; Emerging Technologies; Human-Computer Interaction
1377,24372,24372,Explainable AI for Sequential Decision Making,explainable artificial intelligence; XAI; sequential decision making,Artificial Intelligence
1378,24381,24381,Algebraic and Analytic Methods in Computational Complexity,computational complexity; algebra; (de-)randomization; circuits; coding theory,Computational Complexity
1379,24391,24391,Statistical and Probabilistic Methods in Algorithmic Data Analysis,Data Mining; Knowledge Discovery from Data; Probabilistic Analysis; Randomized Algorithms; Statistical Hypothesis Testing,Data Structures and Algorithms; Databases; Social and Information Networks
1380,24401,24401,"Fair Division: Algorithms, Solution Concepts, and Applications",Fair Division; Cake cutting; Algorithm design; Envy-freeness,Computer Science and Game Theory
1381,24402,24402,Greening Networking: Toward a Net Zero Internet,green networking; carbon-aware networking; sustainable networking; energy-efficient networking,Distributed / Parallel / and Cluster Computing; Networking and Internet Architecture
1382,24411,24411,"New Tools in Parameterized Complexity: Paths, Cuts, and Decomposition",Parameterized Complexity; fixed-parameter tractability; intractability,Computational Complexity; Data Structures and Algorithms
1383,24421,24421,SAT and Interactions,satisfiability problems; computational and proof complexity; combinatorics; first-order logic; solvers for satisfiability problems; non-classical logics,Artificial Intelligence; Computational Complexity; Logic in Computer Science
1384,24431,24431,Automated Programming and Program Repair,Program repair; Auto-coding; Program Synthesis; Trustworthy Software; Large Language Models,Software Engineering
1385,24432,24432,Behavioural Metrics and Quantitative Logics,behavioural metrics; quantitative logics; coalgebra,Logic in Computer Science
1386,24441,24441,Machine Learning Augmented Algorithms for Combinatorial Optimization Problems,Combinatorial Optimisation; Algorithm Engineering; Machine Learning; Constraint Solvers,Data Structures and Algorithms; Discrete Mathematics; Machine Learning
1387,24451,24451,Machine Learning for Protein-Protein and Protein-Ligand Interactions,protein; ligand; molecular interactions; biological machine learning; generative models,Machine Learning; Other Computer Science
1388,24452,24452,Reframing Technical Debt,Technical debt; Software maintenance and evolution; Software architecture; Software economics; Software Quality,Software Engineering
1389,24461,24461,Rethinking the Role of Bayesianism in the Age of Modern AI,Bayesian machine learning; Deep learning; Foundation models; Uncertainty estimation; Model selection,Artificial Intelligence; Machine Learning
1390,24462,24462,Research Infrastructures and Tools for Collaborative Networked Systems Research,Research Infrastructures; Reproducibility; FAIR: Findability; Accessibility; Interoperability; and Reuse of digital assets; Optimizing reuse of data; infrastructure usage and sharing,Networking and Internet Architecture
1391,24471,24471,Graph Algorithms: Distributed Meets Dynamic,Algorithms design and analysis; dynamic graphs; distributed graph algorithms; algorithmic complexity,Data Structures and Algorithms; Discrete Mathematics; Distributed / Parallel / and Cluster Computing
1392,24472,24472,Regular Expressions: Matching and Indexing,finite automata; regular expressions; complex patterns; text indexing; graph matching and indexing,Data Structures and Algorithms
1393,24491,24491,Deep Learning for RNA Regulation and Multidimensional Transcriptomics,Deep Learning; RNA; Epitranscriptomics; Single-cell transcriptomics,Artificial Intelligence; Machine Learning; Other Computer Science
1394,24492,24492,Human in the Loop Learning through Grounded Interaction in Games,Artificial intelligence; Conversational agents in games; Human-in-the-loop learning; Grounded dialogue and interaction,Computation and Language; Computer Science and Game Theory; Human-Computer Interaction
1395,24511,24511,Coding Theory and Algorithms for Emerging Technologies in Synthetic Biology,Synthetic biology; DNA-based data storage; Edit error-correcting codes,Emerging Technologies; Information Theory
1396,24512,24512,Quantum Software Engineering,Quantum Software Design; Modelling; and Architecturing; Adaptive Hybrid Quantum Systems; Quantum Software Quality Assurance,Emerging Technologies; Information Theory; Software Engineering
1397,25021,25021,Grand Challenges for Research on Privacy Documents,Privacy; Policy; Law; Text; Usability,Computation and Language; Computers and Society; Human-Computer Interaction
1398,25022,25022,Towards a Multidisciplinary Vision for Culturally Inclusive Generative AI,generative artificial intelligence; cultural inclusion; creativity; social impact of AI; Global south,Artificial Intelligence; Computers and Society; Human-Computer Interaction
1399,25031,25031,Addressing Future Challenges of Telemedicine Applications,Telemedicine; eXtended Reality; eye tracking; collaborative Virtual Environments; Avatars; Embodied Conversational Agents,Computers and Society; Emerging Technologies; Human-Computer Interaction
1400,25032,25032,Task and Situation-Aware Evaluation of Speech and Speech Synthesis,Evaluation; Human-in-the-Loop; Speech technology; Speech-to-Text Synthesis,Artificial Intelligence; Computation and Language; Human-Computer Interaction
1401,25041,25041,Solving Problems on Graphs: From Structure to Algorithms,computational complexity; graph classes; graph containment relations; graph width parameters; graph algorithms,Computational Complexity; Data Structures and Algorithms; Discrete Mathematics
1402,25042,25042,"Online Privacy: Transparency, Advertising, and Dark Patterns",Online tracking; advertising; dark patterns; privacy; data protection; world wide web,Computers and Society; Cryptography and Security
1403,25051,25051,Trust and Accountability in Knowledge Graph-Based AI for Self Determination,Trust; Transparency; Accountability; Knowledge Graphs; Web Data,Artificial Intelligence; Computers and Society; Databases
1404,25052,25052,From Research to Certification with Data-Driven Medical Decision Support Systems,Explainable; Robust; Human-compatible; Clinical Decision Support Tools; Augmented Intelligence,Artificial Intelligence; Human-Computer Interaction; Machine Learning
1405,25061,25061,Logic and Neural Networks,machine learning; learning theory; logic; verification; safety,Logic in Computer Science; Machine Learning
1406,25062,25062,Extended Reality for the Operating Room (XR4OR),Virtual Reality; Augmented Reality; Extended Reality; Medical Informatics; Surgical Support,Emerging Technologies; Graphics; Human-Computer Interaction
1407,25071,25071,Dealing with Complexities in Auction and Matching Market Design,Algorithms; Auctions; Game Theory; Matching Markets; Market Design,Computer Science and Game Theory; Data Structures and Algorithms
1408,25072,25072,What You Hear is What You See? Integrating Sonification and Visualization,Visualization; Sonification; Visual Analytics; Auditory Display,Graphics; Human-Computer Interaction; Sound
1409,25081,25081,"Semirings in Databases, Automata, and Logic",Semirings; Databases; Multi-valued logic; Weighted automata; Finite model theory,Databases; Formal Languages and Automata Theory; Logic in Computer Science
1410,25082,25082,"Visualizing Data on Non-Flat, Non-Rectangular Displays",visualizations beyond the desktop; non-flat non-rectangular displays; data visualization; human-computer interaction; design and evaluation,Emerging Technologies; Human-Computer Interaction; Other Computer Science
1411,25091,25091,Tradeoffs in Reactive Systems Design,Reactive systems; Time-centric software; Distributed systems; Concurrent Programming Models; Cyber-Physical Systems,Distributed / Parallel / and Cluster Computing; Programming Languages; Systems and Control
1412,25092,25092,Estimation-of-Distribution Algorithms: Theory and Applications,heuristic search and optimization; estimation-of-distribution algorithms; probabilistic model building; machine learning,Artificial Intelligence; Data Structures and Algorithms; Neural and Evolutionary Computing
1413,25101,25101,Guardians of the Galaxy: Protecting Space Systems from Cyber Threats,Space cyber security; cyber-physical systems,Cryptography and Security; Emerging Technologies
1414,25102,25102,The Future of Games in Society,game development; games research; artificial intelligence; HCI; player research,Artificial Intelligence; Human-Computer Interaction; Multimedia
1415,25111,25111,Computational Complexity of Discrete Problems,computational complexity; circuit complexity; communication complexity; lower bounds; randomness,Computational Complexity; Data Structures and Algorithms; Discrete Mathematics
1416,25112,25112,PETs and AI: Privacy Washing and the Need for a PETs Evaluation Framework,Privacy; Privacy Enhancing Technologies; Machine Learning; Artificial Intelligence; Interdisciplinary,Computers and Society; Cryptography and Security; Machine Learning
1417,25121,25121,Scheduling,scheduling; fairness; mathematical optimization; algorithms and complexity; uncertainty,Data Structures and Algorithms
1418,25122,25122,Climate Change:  What is Computing’s Responsibility?,sustainability; climate change; efficiency; supply chain management; climate modelling,Artificial Intelligence; Human-Computer Interaction; Software Engineering
1419,25131,25131,Weihrauch Complexity: Structuring the Realm of Non-Computability,Computability and complexity; combinatorial problems; reverse and constructive mathematics; computable analysis; Weihrauch reducibility and related reducibilities,Logic in Computer Science
1420,25132,25132,Approximation Algorithms for Stochastic Optimization,approximation algorithms; stochastic optimization; combinatorial optimization; adaptivity,Data Structures and Algorithms
1421,25141,25141,Categories for Automata and Language Theory,category theory; automata; formal language theory,Formal Languages and Automata Theory; Logic in Computer Science
1422,25142,25142,Explainability in Focus: Advancing Evaluation through Reusable Experiment Design,Explainability; Mental Models; interactive machine learning; Experiment Design; Human-centered AI,Artificial Intelligence; Human-Computer Interaction; Machine Learning
1423,25151,25151,Disruptive Memory Technologies,Processing in Memory (PIM); Persistent Memory (PMem); Disaggregated Memory; Data-centric Computing; System Software Stack,Databases; Hardware Architecture; Operating Systems
1424,25152,25152,Multi-Faceted Visual Process Mining and Analytics,Process mining; Visual analytics; Human in the loop,Artificial Intelligence; Human-Computer Interaction; Other Computer Science
1425,25171,25171,Holistic Graph-Processing Systems: Enabling Real-World Scale and Societal Impact,Massive Graphs; Machine learning on graphs; Graph processing optimization; Digital continuum choreography; Sustainable distributed graph processing,Distributed / Parallel / and Cluster Computing; Machine Learning; Social and Information Networks
1426,25172,25172,Information Exchange in Software Verification,formal methods; software verification; information exchange; verification witnesses; interfaces,Logic in Computer Science; Programming Languages; Software Engineering
1427,25181,25181,Learned Predictions for Data Structures and Running Time,Algorithms with predictions; learning-augmented algorithms; beyond-worst-case analysis; data structures; approximation algorithms,Data Structures and Algorithms
1428,25182,25182,Challenges and Opportunities of Table Representation Learning,Representation and Generative Learning for Data Management and Analysis; Applications of Table Representation Learning; Benchmarks and Datasets for Table Representation Learning; Pre-trained (Language) Models for Tables and Databases,Artificial Intelligence; Computation and Language; Databases
1429,25191,25191,Adaptive and Scalable Data Structures,Data structures; Algorithms; Big data; Computational models,Data Structures and Algorithms
1430,25192,25192,AUTOBIZ: Pushing the Boundaries of AI-Driven Process Execution and Adaptation,Business Process Management; Artificial Intelligence; Autonomous Business Processes; Trustworthy AI; Framed Autonomy,Artificial Intelligence
